Country,Year,Patient,Accession,295,332,339,392,448
ET,1986,ETH2220,U46016,T,Z,Z,Z,Z
ZM,1988,ZAM20,L22956,V,Z,Z,Z,Z
ZM,1989,ZAM18,AB485645,V,Z,Z,Z,Z
ZA,1989,C3714,JN188292,V,Z,Z,Z,Z
SO,1989,SM145,L22946,R,Z,Z,Z,Z
UG,1990,UG268,L22948,N,Z,Z,Z,Z
FI,1991,-,AF219262,Z,K,Z,Z,Z
FI,1991,-,AF219263,V,Z,Z,Z,Z
FI,1991,-,AF219264,M,Z,N,N,G
KE,1991,KNH1268,AY945738,T,Z,Z,Z,Z
DJ,1991,DJ259,L22940,Z,Z,Z,N,Z
DJ,1991,DJ373,L23065,Z,Z,K,Z,Z
BI,1991,BU01,U39233,E,N,Z,Z,Z
BI,1991,BU02,U39237,E,Z,Z,Z,Z
BI,1991,BU03,U39239,Z,Z,Z,Z,Z
BI,1991,BU05,U39240,D,Z,Z,Z,S
BI,1991,BU04,U39241,K,T,Z,S,Z
BI,1991,BU06,U39244,V,Z,S,N,Z
BI,1991,BU07,U39245,Z,Z,Z,K,Z
BI,1991,BU08,U39250,T,Z,Z,Z,Z
FI,1992,10,AF219266,V,N,Z,Z,Z
FI,1992,77,AF219269,V,Z,Z,K,Z
FI,1993,-,AF219270,V,Z,Z,Z,S
MW,1993,965,AY713413,V,Z,Z,T,Z
BE,1993,VI882,HQ912708,Z,N,Z,Z,Z
FI,1994,1,AF219274,E,Z,Z,Z,Z
BE,1994,VI1358,HQ912711,E,Q,E,Z,Z
KE,1995,QB099,FJ866131,V,Z,Z,N,Z
BW,1996,96BW01,AF110959,Z,Z,K,Z,Z
BW,1996,96BW04,AF110962,V,Z,Z,Z,Z
BW,1996,96BW05,AF110967,V,I,Z,Z,D
BW,1996,96BW11,AF110969,V,Z,Z,Z,Z
BW,1996,96BW12,AF110972,V,Z,Z,Z,Z
BW,1996,96BW15,AF110973,V,Z,N,Z,S
BW,1996,96BW16,AF110976,V,I,K,Z,Z
BW,1996,BW17,AF110979,V,Z,Z,Z,Z
ZM,1996,651,AF286224,V,Z,T,S,D
ZM,1996,751,AF286225,V,Z,Z,Z,Z
BW,1996,96BW06,AF290027,V,Z,N,Z,Z
BW,1996,M01,AF443074,E,Z,N,Z,Z
BW,1996,M032,AF443075,Z,Z,A,Z,Z
MW,1996,C007,HM638616,I,Z,Z,Z,Z
MW,1996,C009,HM638668,E,Z,Z,Z,Z
MW,1996,C011,HM638722,E,Z,Z,Z,Z
MW,1996,C012,HM638780,V,T,Z,Z,Z
MW,1996,C018,HM638826,V,Z,Z,Z,T
MW,1996,C019,HM638888,V,Z,E,N,S
MW,1996,C047,HM638963,E,Z,H,Z,Z
MW,1996,C070,HM639009,Z,Z,Z,N,Z
MW,1996,C083,HM639073,Z,Z,N,Z,K
MW,1996,C109,HM639117,E,Z,E,Z,Z
MW,1996,C111,HM639160,V,T,Z,Z,D
MW,1996,C113,HM639204,V,Z,H,Z,Z
MW,1996,C030,KC863092,M,N,Z,Z,Z
MW,1996,C034,KC863108,V,Z,Z,D,Z
MW,1996,C059,KC863126,V,Z,K,Z,Z
MW,1996,C061,KC863145,Z,Z,Z,Z,Z
MW,1996,C120,KC863178,V,Z,Z,Z,Z
ZA,1997,97ZA012,AF286227,V,Z,Z,N,Z
TZ,1997,4,AF361874,Z,Z,Z,Z,Z
KE,1997,QB008,FJ396024,Z,Z,Z,N,Z
KE,1997,QC406,FJ866133,Z,Z,Z,N,Z
TZ,1998,TZ013,AF286234,M,Z,T,T,Z
TZ,1998,TZ017,AF286235,Z,Z,Z,Z,Z
ZA,1998,TV001,AF391230,Z,Z,Z,Z,Z
ZA,1998,TV002,AF391232,K,Z,Z,Z,Z
ZA,1998,TV003,AF391233,V,Z,Z,Z,Z
ZA,1998,TV004,AF391234,R,T,Z,Z,Z
ZA,1998,TV007,AF391238,R,Z,Z,Z,Z
ZA,1998,TV008,AF391240,M,Z,Z,Z,Z
ZA,1998,TV010,AF391242,V,Z,Z,Z,Z
ZA,1998,TV012,AF391243,T,Z,D,N,Z
ZA,1998,TV013,AF391245,V,Z,Z,Z,Z
ZA,1998,TV018,AF391249,V,K,Z,Z,Z
ZA,1998,TV019,AF391250,M,Z,Z,Z,Z
BW,1998,MC122,AF443076,V,Z,Z,Z,Z
BW,1998,MC134,AF443077,E,N,Z,Z,Z
BW,1998,MC14A,AF443078,V,Z,Z,Z,Z
BW,1998,MO1410,AF443079,V,Z,T,Z,Z
BW,1998,MO18D5,AF443080,L,Z,K,N,R
BW,1998,MO36A5,AF443081,V,Z,Z,Z,Z
BW,1998,MO37D5,AF443082,Z,Z,Y,Z,Z
ZA,1998,Du123,AF544007,V,Z,Z,Z,S
ZA,1998,DU151,AF544008,V,Z,T,S,Z
ZA,1998,CTSC2,AY043176,Z,Z,Z,Z,Z
ZA,1998,445,AY158533,E,Z,N,Z,Z
ZA,1998,502,AY158534,V,Z,Z,Z,Z
ZA,1998,528,AY158535,T,Z,K,Z,Z
ZM,1998,055F,AY423971,V,Z,Z,Z,S
ZM,1998,135M,AY424079,V,Z,Z,T,S
ZM,1998,106F,AY424163,T,Z,N,Z,Z
ZA,1998,DU156,AY529660,Z,Z,Z,T,Z
ZA,1998,Du21,AY529661,V,Z,Z,T,S
ZA,1998,Du23,AY529662,V,Z,Z,Z,Z
ZA,1998,DU172,DQ411853,Z,Z,Z,Z,Z
ZA,1999,7,AF411966,V,Z,Z,Z,S
ZA,1999,CM9,AF411967,V,Z,Z,N,Z
BW,1999,393212,AF443083,V,Z,Z,Z,Z
BW,1999,46424,AF443084,V,N,Z,T,Z
BW,1999,4745,AF443085,E,T,Z,Z,Z
BW,1999,47547,AF443086,Z,Z,Z,Z,T
BW,1999,MC168,AF443087,T,S,Z,Z,Z
ZA,1999,DU422,AY043175,K,Z,Z,N,Z
ZA,1999,TM10,AY228556,V,Z,T,Z,Z
ZA,1999,1,AY522721,V,Z,Z,Z,Z
ZA,1999,10,AY522722,E,N,Z,Z,Z
ZA,1999,15,AY522723,V,Z,Z,Z,T
ZA,1999,17,AY522724,V,Z,Z,N,Z
ZA,1999,18,AY522725,V,Z,Z,Z,Z
ZA,1999,21,AY522726,E,E,Z,Z,Z
ZA,1999,25,AY522727,Z,Z,Z,N,Z
ZA,1999,28,AY522728,V,Z,T,Z,Z
ZA,1999,36,AY522729,K,Z,Z,Z,Z
ZA,1999,39,AY522731,V,Z,Z,Z,S
ZA,1999,42,AY522733,V,Z,T,S,S
ZA,1999,45,AY522734,Z,Z,Z,Z,S
ZA,1999,5,AY522735,V,Y,Z,Z,S
ZA,1999,50,AY522736,Z,Z,Z,N,Z
ZA,1999,DU281,AY529664,Z,Z,Z,S,K
ZA,1999,Du301,AY529665,R,Z,Z,T,Z
ZA,1999,12,AY529668,T,Z,Z,Z,S
ZA,1999,20,AY529669,V,Z,S,Z,K
ZA,1999,27,AY529670,T,Z,Z,N,Z
ZA,1999,30,AY529673,E,Z,Z,Z,Z
ZA,1999,9,AY529675,M,Z,E,N,Z
ZA,1999,TM12,AY529676,E,I,T,N,Z
ZA,1999,TM1,AY529677,M,Z,T,Z,Z
ZA,1999,TM2,AY529678,K,Z,T,Z,Z
ZA,1999,COT6,DQ447266,V,Z,Z,Z,S
ZA,1999,TM7,DQ447267,V,Z,Z,N,S
ZA,1999,TM3,DQ447268,M,Z,Z,Z,S
ZA,1999,COT9,DQ447272,V,Z,Z,Z,Z
ZA,1999,4,EU293444,E,Z,Z,Z,Z
ZA,1999,46,EU293450,V,Z,Z,Z,Z
BW,2000,7621,AF443088,V,Z,Z,Z,Z
BW,2000,76820,AF443089,E,N,Z,Z,Z
BW,2000,87421,AF443090,V,Z,Z,Z,Z
BW,2000,147127,AF443091,V,Z,Z,Z,Z
BW,2000,16162,AF443092,V,Z,E,Z,Z
BW,2000,1686,AF443093,Z,T,Z,Z,Z
BW,2000,17593,AF443094,V,Z,Z,Z,S
BW,2000,17732,AF443095,T,Z,Z,Z,Z
BW,2000,17835,AF443096,Z,Z,Z,Z,Z
BW,2000,17956,AF443097,V,T,I,Z,Z
BW,2000,18113,AF443098,V,Z,Z,Z,Z
BW,2000,18595,AF443099,V,Z,Z,N,K
BW,2000,18802,AF443100,V,Z,R,Z,Z
BW,2000,192113,AF443101,E,Z,Z,Z,Z
BW,2000,20361,AF443102,E,Z,Z,Z,Z
BW,2000,20636,AF443103,V,Z,Z,Z,Z
BW,2000,20872,AF443104,V,Z,Z,Z,Z
BW,2000,2127214,AF443105,V,S,Z,Z,S
BW,2000,22767,AF443107,V,Z,Z,Z,Z
BW,2000,38193,AF443108,K,Z,Z,Z,Z
BW,2000,38428,AF443109,V,Z,T,Z,S
BW,2000,38713,AF443110,T,Z,Z,Z,Z
BW,2000,3876,AF443111,V,N,Z,N,Z
BW,2000,3886,AF443112,V,S,T,Z,Z
BW,2000,3891,AF443113,E,T,Z,N,Z
BW,2000,3970,AF443114,E,Z,Z,Z,Z
BW,2000,5031,AF443115,E,D,T,Z,Z
KE,2000,KER2010,AF457054,V,Z,Z,Z,K
ZM,2000,053M,AY423984,E,I,T,Z,Z
ZM,2000,109F,AY424138,E,K,Z,N,Z
ZA,2000,1134M,AY463217,V,Z,T,E,Z
ZA,2000,1176M,AY463218,V,Z,Z,T,Z
ZA,2000,1192M,AY463219,V,N,Z,N,Z
ZA,2000,1195M,AY463220,V,Z,Z,Z,S
ZA,2000,1170M,AY463225,V,Z,Z,N,Z
ZA,2000,1217M,AY463226,V,Z,Z,A,S
ZA,2000,J38Ma,AY463228,V,Z,Z,L,S
ZA,2000,1119M,AY463229,V,Z,Z,Z,S
ZA,2000,1165M,AY463230,V,Z,R,Z,Z
ZA,2000,1168M,AY463231,V,N,N,N,S
ZA,2000,1171mother,AY463232,V,Z,T,Z,Z
ZA,2000,1178M,AY463233,V,Z,Z,Z,Z
ZA,2000,1197M,AY463234,V,Z,S,N,Z
ZA,2000,1214M,AY463236,V,Z,Z,Z,Z
ZA,2000,1-CP,AY529667,T,Z,Z,Z,Z
ZA,2000,J112Ma,AY585265,K,Z,Z,Z,Z
ZA,2000,1184M,AY585267,M,Z,S,Y,S
ZA,2000,TM20,EU161643,V,Z,Z,N,S
TZ,2000,142,HQ659584,K,Z,Z,G,Z
TZ,2000,234,HQ697934,V,N,Z,N,Q
TZ,2000,390,HQ697983,V,S,Z,N,Z
NL,2000,PAT_SUBC,JX676706,Z,Z,Z,N,Z
ZA,2000,CP2,JX845589,K,N,Z,S,Z
ZA,2000,CM3,JX845592,R,Z,Z,Z,Z
ZA,2000,CM4,JX845596,T,Z,Z,N,Z
ZA,2000,CP4,JX845599,T,Z,Z,N,Z
ZA,2000,CP3,JX845602,V,N,Z,Z,Z
ZA,2000,CP1,JX845608,Z,Z,Z,Z,Z
ZA,2000,CP5,JX845612,V,Z,Z,Z,T
ZA,2001,TM45,AY228557,V,Z,Z,Z,Z
TZ,2001,93,AY253303,E,N,Z,Z,Z
TZ,2001,A125,AY253304,V,Z,Z,T,S
TZ,2001,207,AY253307,Z,Z,Z,K,K
TZ,2001,246,AY253308,Z,Z,N,Z,Z
TZ,2001,260,AY253310,M,Z,Z,N,Z
TZ,2001,301,AY253312,V,Z,K,Z,T
TZ,2001,39,AY253313,V,Z,S,Z,Z
TZ,2001,388,AY253317,V,Z,Z,Z,S
TZ,2001,16,AY253320,T,Z,Z,Z,Z
TZ,2001,BD911,AY253322,V,Z,Z,Z,Z
ZA,2001,J54Ma,AY463223,Z,Z,Z,Z,Z
ZA,2001,2004M,AY463235,Z,Z,Z,Z,Z
ZA,2001,2134M,AY463237,V,Z,Z,Z,S
ZA,2001,RP1,AY529666,V,Z,Z,Z,Z
ZA,2001,TM18,AY529672,V,Z,N,Z,Z
DK,2001,CTL-015,EF514713,V,Z,I,Z,Z
ZA,2001,Du36,FJ846628,V,Z,Z,Z,S
GB,2001,20,FJ977078,M,S,Z,Z,Z
GB,2001,22,FJ977079,T,Z,S,Z,Z
GB,2001,26,FJ977081,E,K,Z,Z,Z
GB,2001,29,FJ977083,T,T,Z,K,Z
GB,2001,34,FJ977084,V,K,Z,Z,Z
GB,2001,39,FJ977085,V,Z,Z,N,Z
GB,2001,36,FJ977086,V,N,R,Z,Z
GB,2001,6,FJ977090,V,Z,N,Z,Z
GB,2001,27,FJ977091,N,Z,T,Z,Z
GB,2001,28,FJ977092,Z,Z,Z,Z,Z
GB,2001,38,FJ977095,Z,Z,Z,K,Z
ZM,2001,16M,GU939062,T,D,N,Y,E
TZ,2001,304,HM215286,V,T,Z,Z,Z
TZ,2001,346,HM215302,V,Z,T,Z,Z
TZ,2001,569,HM215318,V,Z,S,Z,S
ZA,2001,DU114,KC863201,V,N,Z,Z,Z
ZM,2001,13M,KY229257,E,Z,Z,Z,T
ZM,2001,4B,KY229391,V,Z,Z,Z,S
ZM,2001,19M,KY229423,M,Z,Z,Z,Z
ZM,2001,22B,KY229671,V,I,Z,Z,Z
ZM,2002,-,AB254141,V,Z,Z,N,Z
ZM,2002,-,AB254142,Z,Z,Z,Z,S
ZM,2002,-,AB254148,V,Z,Z,Z,Z
ZM,2002,-,AB254149,V,Z,Z,Z,S
ZM,2002,MDB,AB254150,V,K,Z,Z,Z
ZM,2002,-,AB254155,V,Z,Z,Z,Z
ET,2002,288,AY713417,Z,Z,Z,Z,Z
TZ,2002,CO3056,AY734550,V,Z,K,Z,Z
TZ,2002,CO328,AY734551,V,Z,Z,Z,S
TZ,2002,CO178,AY734556,V,Z,Z,Z,S
TZ,2002,CO3305,AY734558,T,Z,Z,N,Z
TZ,2002,CO6130,AY734559,V,Z,Z,Z,Z
TZ,2002,CO6721,AY734560,L,Z,T,Z,Z
ZA,2002,PS-008M,DQ275647,V,Z,T,Z,Z
ZA,2002,PS-001M,DQ275648,V,Z,T,N,I
ZA,2002,PS-014M,DQ351218,M,Z,Z,S,K
ZA,2002,PS-006M,DQ351220,N,Z,N,Z,Z
ZA,2002,013MB,DQ351222,V,Z,Z,Z,S
ZA,2002,PS-005M,DQ351235,Z,Z,Z,Z,Z
ZA,2002,PS-015M,DQ369995,E,Z,D,Z,Z
ZM,2002,ZM197M,DQ388515,E,D,T,Z,Z
ZM,2002,ZM233M,DQ388517,T,Z,Z,N,Z
ZM,2002,ZM215F,DQ422948,V,Z,Z,H,S
ZA,2002,RP6,DQ447269,V,Z,Z,Z,Z
ZA,2002,RP4,DQ447270,E,T,Z,Z,Z
ZM,2002,ZM180M,EU166379,V,Z,Z,N,Z
ZM,2002,ZM206F,EU166439,Z,N,N,Z,S
ZM,2002,ZM229M,EU166576,V,Z,Z,Z,S
ZM,2002,ZM235F,EU166653,Z,I,N,Z,S
KE,2002,QD022,FJ396028,Z,Z,K,N,Z
ZM,2002,ZM185F,GQ485312,V,Z,Z,Z,Z
ZM,2002,32M,HM036864,V,S,H,Z,Z
ZM,2002,7M,HM037006,Z,Z,H,T,S
ZM,2002,ZM153M,HM068596,E,T,Z,Z,Z
MW,2002,1266,HM215360,E,T,Z,T,Z
MW,2002,329,JN983803,E,Z,N,Z,Z
MW,2002,591,JN983804,Z,D,Z,Z,T
MW,2002,703,JN983805,E,Z,T,T,Z
ZM,2002,ZM211M,JX239287,V,Z,Z,Z,Z
ZM,2002,1B,KY229265,E,Z,Z,N,Z
ZM,2002,18M,KY229314,T,Z,E,Z,Z
ZM,2002,14B,KY229316,E,Z,T,Z,Z
ZM,2002,2M,KY229347,Z,Z,Z,D,S
ZM,2002,3B,KY229356,E,Z,E,Z,Z
ZM,2002,5B,KY229434,V,I,Z,Z,E
ZM,2002,6M,KY229472,Z,Z,Z,N,Z
ZM,2002,20B,KY229510,Z,Z,Z,Z,Z
ZA,2003,SK040,AY703908,V,Z,S,T,Z
ZA,2003,SK023,AY772690,V,Z,Z,Z,S
ZA,2003,SK029,AY772691,V,Z,Z,Z,Z
ZA,2003,SK033,AY772692,V,Z,Z,N,Z
ZA,2003,SK041,AY772693,Z,Z,Z,Z,Z
ZA,2003,SK065,AY772694,V,Z,Z,Z,Z
ZA,2003,SK112,AY772695,V,Z,Z,S,Z
ZA,2003,SK116,AY772696,V,Z,Z,Z,S
ZA,2003,SK043,AY772700,Z,Z,Z,N,Z
ZA,2003,SK091,AY772701,V,Z,Z,D,S
ZA,2003,SK006,AY878056,V,Z,Z,S,Z
ZA,2003,SK092,AY878057,V,S,Z,N,Z
ZA,2003,SK097,AY878060,I,Z,T,Z,S
ZA,2003,SK019,AY878063,T,Z,Z,Z,Z
ZA,2003,SK020,AY878064,Z,S,Z,Z,Z
ZA,2003,SK034,AY878065,V,Z,Z,Z,T
ZA,2003,SK039,AY878068,V,Z,Z,Z,S
ZA,2003,SK042,AY878069,V,Z,Z,Z,S
ZA,2003,SK094,AY878070,E,N,Z,Z,Z
ZA,2003,SK011,AY901965,T,Z,Z,Z,S
ZA,2003,SK036,AY901966,V,N,Z,Z,Z
ZA,2003,SK058,AY901967,V,Z,Z,Z,Z
ZA,2003,SK061,AY901968,V,Z,Z,Z,Z
ZA,2003,SK066,AY901969,V,Z,Z,Z,Z
ZA,2003,SK073,AY901970,L,Z,Z,Z,Z
ZA,2003,SK078,AY901971,E,Z,D,Z,Z
ZA,2003,SK082,AY901972,Z,Z,Z,Z,Z
ZA,2003,SK076,AY901975,V,Z,T,Z,Z
ZA,2003,SK084,AY901981,V,N,Z,D,Z
ZA,2003,SK026,DQ011165,V,Z,Z,N,Z
ZA,2003,SK118,DQ011169,E,N,Z,S,Z
ZA,2003,SK005,DQ011175,T,Z,Z,Z,S
ZA,2003,SK120,DQ011176,M,Z,Z,Z,Z
ZA,2003,SK111,DQ056404,I,Z,I,Z,Z
ZA,2003,SK117,DQ056408,Z,Z,Z,Z,Z
ZA,2003,SK107,DQ056410,T,Z,Z,Z,Z
ZA,2003,SK110,DQ056411,V,Z,Z,T,Z
ZA,2003,SK232,DQ093589,E,Z,T,Z,Z
ZA,2003,077B1,DQ093591,Z,Z,Z,Z,Z
ZA,2003,079B1,DQ093592,Z,Z,Z,I,S
ZA,2003,SK072,DQ093593,V,Z,Z,Z,S
ZA,2003,SK212,DQ093596,Z,Z,Z,S,S
ZA,2003,SK223,DQ093597,V,Z,Z,Z,S
ZA,2003,SK211,DQ093601,V,S,Z,S,S
ZA,2003,SK213,DQ093607,V,Z,Z,Z,Z
ZA,2003,SK010,DQ164104,V,Z,Z,Y,S
ZA,2003,SK103,DQ164106,V,Z,Z,Z,S
ZA,2003,SK062,DQ164113,V,S,Z,Z,S
ZA,2003,SK067,DQ275642,V,Z,Z,Z,Z
ZA,2003,128MB,DQ275643,V,D,Z,Z,Z
ZA,2003,SK016,DQ275644,V,Z,D,Z,Z
ZA,2003,091MB,DQ275645,V,L,Z,N,Z
ZA,2003,133MB,DQ275646,V,Z,Z,T,S
ZA,2003,073MB,DQ275649,V,Z,Z,Z,Z
ZA,2003,194MB,DQ275650,E,Z,N,Z,Z
ZA,2003,088MB,DQ275651,T,Z,Z,N,Z
ZA,2003,095MB,DQ275652,V,N,Z,N,Z
ZA,2003,PS-020M,DQ275653,Z,Z,D,Z,Z
ZA,2003,086MB,DQ275654,V,Z,Z,Z,S
ZA,2003,099MB,DQ275655,V,Z,Z,Q,S
ZA,2003,103MB,DQ275656,I,Z,N,Z,S
ZA,2003,126MB,DQ275657,V,Z,Z,Z,Z
ZA,2003,130MB,DQ275658,V,Z,N,Z,S
ZA,2003,SK013,DQ275660,M,Z,T,Z,Z
ZA,2003,SK215,DQ275661,T,Z,R,Z,T
ZA,2003,SK224,DQ275664,V,Z,Z,Z,Z
ZA,2003,089MB,DQ351216,V,T,D,T,Z
ZA,2003,081MB,DQ351219,E,H,Z,S,Z
ZA,2003,027MB,DQ351223,V,T,Z,A,Z
ZA,2003,PS-017M,DQ351224,E,Z,Z,Z,Z
ZA,2003,023MB,DQ351225,Z,Z,N,Z,Z
ZA,2003,PS-025M,DQ351226,V,Z,Z,N,Z
ZA,2003,043MB,DQ351227,E,I,Z,N,Z
ZA,2003,074MB,DQ351228,V,Z,Z,Z,Z
ZA,2003,083MB,DQ351229,V,Z,Z,Z,Z
ZA,2003,097MB,DQ351230,V,Z,N,N,Z
ZA,2003,136MB,DQ351231,V,Z,Z,K,S
ZA,2003,SK233,DQ351234,Z,Z,Z,Z,Z
ZA,2003,SK113,DQ351237,V,Z,Y,N,T
ZA,2003,124MB,DQ369976,Z,Z,Z,Z,S
ZA,2003,042MB,DQ369977,V,Z,Z,S,Z
ZA,2003,PS-021M,DQ369978,Z,T,Z,Z,Z
ZA,2003,034MB,DQ369979,V,Z,Z,Z,S
ZA,2003,050MB,DQ369980,N,Z,Z,Z,Z
ZA,2003,140MB,DQ369981,V,Z,Z,N,T
ZA,2003,046MB,DQ369984,V,Z,Z,Z,Z
ZA,2003,PS-026M,DQ369985,V,Z,Z,Z,Z
ZA,2003,049MB,DQ369986,V,Z,Z,Z,Z
ZA,2003,SK052,DQ369987,V,Z,Z,Z,Z
ZA,2003,054MB,DQ369988,V,N,Z,Z,S
ZA,2003,057MB,DQ369989,V,N,Z,Z,Z
ZA,2003,104MB,DQ369990,V,Z,Z,S,S
ZA,2003,030MB,DQ369996,V,Z,Z,Z,S
ZM,2003,ZM249M,DQ388514,Z,Z,Z,Z,T
ZM,2003,ZM214M,DQ388516,T,Z,N,S,Z
ZA,2003,048MB,DQ396364,V,Z,Z,Z,Z
ZA,2003,113MB,DQ396365,M,E,S,Z,K
ZA,2003,PS-024M,DQ396367,Z,Z,Z,S,Z
ZA,2003,118MB,DQ396368,T,N,Z,N,Z
ZA,2003,123MB,DQ396369,V,Z,Z,Z,S
ZA,2003,122MB,DQ396370,V,Z,Z,Z,S
ZA,2003,155MB,DQ396371,V,Z,T,S,Z
ZA,2003,055MB,DQ396373,H,Z,Z,Z,Z
ZA,2003,056MB,DQ396374,V,Z,T,Z,Z
ZA,2003,066MB,DQ396375,K,Z,Z,Z,Z
ZA,2003,071MB,DQ396376,I,S,Z,N,Z
ZA,2003,094MB,DQ396377,V,N,Z,Z,S
ZA,2003,108MB,DQ396378,V,N,Z,S,T
ZA,2003,131MB,DQ396380,V,Z,Z,Z,Z
ZA,2003,044MB,DQ396384,V,N,N,Z,Z
ZA,2003,051MB,DQ396385,V,Z,Z,Z,T
ZA,2003,112MB,DQ396386,Z,Z,D,Z,Z
ZA,2003,063MB,DQ396388,V,N,S,Z,Z
ZA,2003,067MB,DQ396389,V,Z,D,Z,Z
ZA,2003,125MB,DQ396390,V,Z,K,Z,Z
ZA,2003,143MB,DQ396391,V,N,Z,Z,N
ZA,2003,151MB,DQ396392,K,Z,E,Z,Z
ZA,2003,SK104,DQ396395,V,E,Z,S,Z
ZA,2003,SK152,DQ396399,V,Z,Z,Z,Z
ZA,2003,105MB,DQ445632,Z,E,Z,Z,Z
ZA,2003,032MB,DQ445633,V,Z,Z,N,S
ZA,2003,116MB,DQ445635,V,Z,Z,S,Z
ZM,2003,ZM178F,EU166353,Z,Z,Z,H,S
ZM,2003,ZM184F,EU166413,T,Z,T,N,Z
ZM,2003,ZM246F,EU166718,Z,Z,R,Z,K
ZM,2003,ZM246M,EU166759,K,T,H,Z,Z
ZM,2003,ZM247F,EU166779,R,Z,Z,Z,Z
CY,2003,CY004,EU668962,T,S,N,Z,Z
MW,2003,114,FJ444159,Z,Z,Z,Z,Z
MW,2003,334,FJ444186,V,Z,Z,T,Z
MW,2003,393,FJ444208,V,N,Z,Y,Z
MW,2003,478,FJ444230,V,Z,Z,Z,Z
MW,2003,595,FJ444253,E,T,Z,Z,S
MW,2003,665,FJ444305,Z,Z,Z,Z,Z
MW,2003,682,FJ444325,V,Z,Z,Z,S
MW,2003,89,FJ444347,N,Z,Z,Z,T
ZM,2003,ZM205F,GQ485415,Z,S,Z,Z,S
ZM,2003,31M,HM036843,V,K,Z,N,Z
ZM,2003,221M,HM068598,V,Z,S,Z,Z
TZ,2003,77,HM215254,E,N,Z,N,Z
TZ,2003,3301,HM215294,T,Z,Z,N,D
TZ,2003,3873,HM215311,V,Z,S,Z,M
TZ,2003,6471,HM215328,M,Z,Z,Z,Z
TZ,2003,6838,HM215341,K,T,K,N,Z
TZ,2003,6980,HM215344,V,S,Z,Z,Z
ZM,2003,ZM237M,JX213387,Z,Z,Z,N,Z
ZM,2003,ZM247M,JX239329,M,T,Z,Z,E
ZA,2003,Du246,KC863215,I,Z,Z,N,Z
ZA,2003,Du10,KC863239,V,Z,Z,N,S
ZA,2003,503_14197,KT183301,V,Z,D,N,Z
GB,2003,PMB90,KU143155,E,Z,Z,L,Z
TZ,2003,CO6854,KX907426,V,K,Z,K,Z
ZM,2003,9B,KY229542,T,Z,Z,S,Z
SE,2003,PT004,MF373126,V,T,Z,N,Z
ZA,2004,SK134,AY703909,Z,Z,Z,N,Z
ZA,2004,SK143,AY703910,V,Z,Z,N,Z
ZA,2004,SK144,AY703911,M,Z,Z,T,Z
ZA,2004,SK133,AY772698,Z,Z,Z,Z,S
ZA,2004,SK146,AY772699,V,Z,Z,Z,S
ZA,2004,SK182,AY878054,Z,S,Z,S,Z
ZA,2004,SK183,AY878055,M,Z,Z,S,E
ZA,2004,SK168,AY878058,M,Z,Z,D,Z
ZA,2004,SK180,AY878059,Z,N,Z,Z,S
ZA,2004,SK181,AY878062,E,Z,Z,Z,Z
ZA,2004,SK154,AY878071,E,K,Z,T,Z
ZA,2004,SK139,AY878072,V,Z,Z,Z,S
ZA,2004,SK140,AY901973,V,Z,Z,Z,Z
ZA,2004,SK031,AY901974,V,Z,T,Z,Z
ZA,2004,SK145,AY901976,V,Z,Z,T,S
ZA,2004,SK151,AY901977,V,Z,N,Z,S
ZA,2004,SK155,AY901978,V,Z,Z,S,Z
ZA,2004,SK174,AY901980,V,Z,Z,Z,S
ZA,2004,SK135,DQ011166,T,Z,Z,Z,Z
ZA,2004,SK142,DQ011167,V,Z,Z,Z,S
ZA,2004,SK161,DQ011170,V,Z,I,Z,Z
ZA,2004,SK156,DQ011171,V,Z,D,Z,S
ZA,2004,SK127,DQ011172,V,Z,Z,T,Z
ZA,2004,SK160,DQ011173,E,Z,Z,Z,Z
ZA,2004,SK136,DQ011177,Z,K,E,Z,S
ZA,2004,SK150,DQ011178,Z,D,K,Z,Z
ZA,2004,SK159,DQ011179,V,Z,Z,Z,Z
ZA,2004,SK202,DQ011180,M,Z,T,Z,Z
ZA,2004,SK164,DQ056405,Z,Z,N,Z,Z
ZA,2004,SK208,DQ056406,R,N,N,Z,K
ZA,2004,SK190,DQ056409,V,Z,Z,Z,Z
ZA,2004,SK131,DQ056412,V,Z,Z,Q,S
ZA,2004,SK196,DQ056413,V,N,Z,Z,Z
ZA,2004,SK204,DQ056414,E,S,Z,N,Z
ZA,2004,SK206,DQ056415,E,N,N,Z,Z
ZA,2004,SK176,DQ056416,T,Z,D,N,K
ZA,2004,SK217,DQ056417,V,I,Z,Z,S
ZA,2004,SK184,DQ056418,V,Z,Z,Z,Z
ZA,2004,SK083,DQ093585,Z,Z,Z,Z,Z
ZA,2004,SK128,DQ093586,Z,Z,Z,Z,S
ZA,2004,SK178,DQ093587,V,Z,Z,Z,S
ZA,2004,214B1,DQ093588,V,N,Z,N,Z
ZA,2004,SK148,DQ093590,V,Z,Z,Z,Z
ZA,2004,SK132,DQ093594,V,Z,T,N,S
ZA,2004,SK170,DQ093595,V,Z,T,Z,Z
ZA,2004,202B1,DQ093598,Z,Z,Z,Z,Z
ZA,2004,205B1,DQ093599,V,Z,D,Z,Z
ZA,2004,216B1,DQ093600,M,Z,Z,Z,S
ZA,2004,190B1,DQ093602,M,Z,K,Z,Z
ZA,2004,SK173,DQ093604,T,Z,S,Z,T
ZA,2004,SK234,DQ093605,E,Z,Z,Z,Z
ZA,2004,160B1,DQ164107,V,Z,S,H,S
ZA,2004,SK193,DQ164109,V,N,Z,Z,Z
ZA,2004,199B1,DQ164110,Z,Z,Z,S,S
ZA,2004,SK201,DQ164111,Z,Z,Z,S,Z
ZA,2004,SK147,DQ164114,Z,N,Z,N,S
ZA,2004,161B1,DQ164115,V,Z,Z,Z,Z
ZA,2004,189B1,DQ164117,V,Z,Z,Z,Z
ZA,2004,195B1,DQ164118,E,Z,Z,N,Z
ZA,2004,217B1,DQ164119,M,Z,T,Z,T
ZA,2004,168B1,DQ164121,K,Z,Z,Z,K
ZA,2004,188B1,DQ164122,V,Z,T,Z,Z
ZA,2004,206B1,DQ164126,M,Z,Z,Z,Z
ZA,2004,SK167,DQ164127,V,Z,Z,Z,S
ZA,2004,SK175,DQ164129,E,Z,Z,K,Z
ZA,2004,172MB,DQ275659,T,Z,Z,Q,Z
ZA,2004,SK171,DQ351217,V,Z,T,Z,Z
ZA,2004,165MB,DQ351221,V,Z,Z,Z,Z
ZA,2004,157MB,DQ351232,V,S,K,T,Z
ZA,2004,SK191,DQ369993,V,Z,Z,Z,Z
ZA,2004,197MB,DQ369997,V,N,N,Z,K
ZA,2004,SK169,DQ396381,V,Z,Z,Z,Z
ZA,2004,SK192,DQ396382,V,L,Z,Z,Z
ZA,2004,SK200,DQ396383,L,Z,Z,D,Z
ZA,2004,SK165,DQ396387,Z,K,Z,Z,Z
ZA,2004,169MB,DQ396393,E,Z,Z,N,Z
ZA,2004,177MB,DQ396394,V,Z,D,N,S
ZA,2004,198MB,DQ445637,V,Z,S,Z,S
MW,2004,985,FJ444369,V,Z,Z,N,S
MW,2004,1086,FJ444392,V,N,Z,Z,Z
MW,2004,1172,FJ444416,Z,Z,Z,Z,Z
MW,2004,1176,FJ444436,V,Z,Z,Z,T
MW,2004,1196,FJ444457,E,Z,Z,N,Z
MW,2004,1335,FJ444480,V,Z,I,N,S
MW,2004,1373,FJ444501,Z,Z,Z,Z,S
MW,2004,1394,FJ444523,T,Z,T,Z,Z
ZA,2004,CAP30,GQ999973,Z,Z,Z,Z,E
ZA,2004,CAP61,GQ999975,E,Z,Z,Z,Z
ZM,2004,12M,GU939129,V,Z,Z,Z,S
ZM,2004,10M,HM036739,K,Z,T,Z,T
ZM,2004,17M,HM036792,Z,Z,H,Z,Z
TZ,2004,41,HM215253,V,E,K,Z,Z
TZ,2004,921,HM215262,N,Z,Z,N,Z
TZ,2004,984,HM215263,E,Z,Z,Z,Z
TZ,2004,3063,HM215287,Z,Z,Z,T,K
TZ,2004,3728,HM215307,Z,T,Z,Z,Z
TZ,2004,6273,HM215325,Z,N,Z,G,S
TZ,2004,6631,HM215335,Z,Z,Z,Z,Z
TZ,2004,6644,HM215336,Z,Z,N,Z,Z
TZ,2004,98,HM215355,I,Z,Z,E,Z
ZM,2004,ZM267F,JX213405,Z,T,I,Z,Z
BW,2004,B001811,KC154012,V,Z,Z,Z,T
KE,2004,-,KT022366,V,Z,Z,Z,Z
TZ,2004,CO377,KX907345,Z,Z,Z,N,Z
TZ,2004,CO6033,KX907394,E,Z,Z,Z,Z
TZ,2004,CO6322,KX907405,K,K,Z,Z,Z
TZ,2004,CO6812,KX907422,E,T,N,N,Z
ZM,2004,15B,KY229379,Z,N,Z,Z,S
ZM,2004,10B,KY229617,V,Z,T,Z,Z
ZM,2004,11B,KY229633,T,Z,Z,Z,Z
ZM,2004,23B,KY229650,T,N,N,Z,Z
SE,2004,pt006,MF373128,E,N,Z,Z,L
ZA,2005,SK245,DQ369982,V,Z,Z,Z,Z
ZA,2005,SK246,DQ369983,V,Z,T,Z,S
ZA,2005,SK240,DQ369991,V,Z,Z,N,T
ZA,2005,SK244,DQ369992,V,Z,Z,T,S
ZA,2005,SK247,DQ369994,V,Z,T,T,Z
ZA,2005,FV2,DQ382361,V,Z,Z,Z,Z
ZA,2005,FV3,DQ382362,K,Z,Z,K,Z
ZA,2005,FV5,DQ382363,V,Z,Z,Z,F
ZA,2005,FV6,DQ382364,V,Z,Z,Z,Z
ZA,2005,FV7,DQ382365,Z,Z,V,Z,Z
ZA,2005,FV8,DQ382366,Z,Z,Z,Z,Z
ZA,2005,FV9,DQ382367,V,Z,Z,Z,Z
ZA,2005,FV11,DQ382369,V,Z,T,K,Z
ZA,2005,FV12,DQ382370,V,Z,Z,K,S
ZA,2005,FV13,DQ382371,V,Z,Z,Z,Z
ZA,2005,FV14,DQ382372,Z,Z,Z,Z,K
ZA,2005,FV15,DQ382373,V,Z,T,N,Z
ZA,2005,FV20,DQ382374,V,Z,Z,Z,D
ZA,2005,FV22,DQ382375,I,Z,T,Z,Z
ZA,2005,FV23,DQ382376,V,Z,Z,F,S
ZA,2005,FV25,DQ382377,V,Z,T,Z,Z
ZA,2005,FV26,DQ382378,Z,T,Z,Z,Z
ZA,2005,FV27,DQ382379,Z,Z,E,C,Z
ZA,2005,FV28,DQ382380,V,Z,Z,H,Z
ZA,2005,SK243,DQ396372,V,Z,Z,Z,S
ZA,2005,CAP45,DQ435682,V,N,Z,K,S
ZA,2005,CAP210,DQ435683,T,Z,Z,Z,Z
ZA,2005,CAP244,DQ435684,V,N,Z,Z,Z
CY,2005,CY073,EU668977,V,Z,Z,Z,Z
CY,2005,CY040,FJ388901,V,Z,Z,Z,Z
CY,2005,CY069,FJ388913,V,Z,S,Z,Z
ZA,2005,CAP85,FJ443128,V,Z,Z,Z,Z
ZA,2005,CAP239,FJ443140,Z,Z,Z,Z,Z
ZA,2005,CAP84,FJ443167,V,Z,E,N,S
ZA,2005,CAP63,FJ443215,V,Z,Z,Z,Z
ZA,2005,CAP8,FJ443222,T,Z,T,Z,Z
ZA,2005,CAP174,FJ443253,V,Z,Z,Z,S
ZA,2005,CAP200,FJ443274,V,Z,G,Z,T
ZA,2005,CAP206,FJ443356,V,Z,Z,N,S
ZA,2005,CAP217,FJ443367,V,N,Z,T,S
ZA,2005,CAP225,FJ443963,V,Z,Z,N,Z
MW,2005,2010,FJ444543,E,T,Z,Z,Z
MW,2005,2060,FJ444589,E,Z,E,Z,Z
MW,2005,2103,FJ444611,V,S,Z,Z,Z
GB,2005,N3,FJ653278,T,Z,Z,Z,Z
ZA,2005,CAP65,GQ999977,V,Z,S,Z,K
ZA,2005,CAP88,GQ999980,V,Z,I,N,S
ZA,2005,CAP229,GQ999985,V,Z,N,S,S
ZA,2005,CAP255,GQ999988,N,Z,D,Z,K
ZA,2005,CAP256,GQ999989,Z,Z,E,Z,Z
ZM,2005,ZM373,GU329048,V,Z,T,Z,Z
ZM,2005,ZM375,GU329053,I,Z,Z,Z,Z
ZM,2005,ZM376,GU329063,V,Z,T,Z,Z
ZM,2005,ZM377,GU329078,Z,Z,Z,N,Z
ZM,2005,ZM378,GU329094,Z,I,Z,K,Z
ZM,2005,ZM379,GU329107,Z,Z,Z,Z,Z
ZM,2005,ZM381,GU329131,T,Z,Z,Z,Z
ZM,2005,ZM382,GU329144,V,Z,Z,S,Z
ZM,2005,ZM383,GU329154,V,N,Z,N,Z
ZM,2005,ZM384,GU329164,V,N,Z,Z,Z
ZM,2005,ZM388,GU329184,V,Z,Z,Z,T
ZM,2005,ZM389,GU329195,M,T,Z,Z,Z
ZM,2005,ZM393,GU329205,M,Z,S,Z,Z
ZM,2005,ZM394,GU329216,K,S,Z,Z,Z
ZM,2005,ZM395,GU329236,M,Z,K,Z,Z
ZM,2005,ZM399,GU329257,E,Z,Z,D,Z
ZM,2005,ZM400,GU329271,V,Z,Z,N,Z
ZM,2005,ZM401,GU329289,E,Z,T,N,S
ZM,2005,ZM402,GU329300,Z,Z,Z,Z,Z
ZM,2005,ZM403,GU329310,V,Z,T,T,Z
ZM,2005,ZM405,GU329321,V,Z,S,Z,S
ZM,2005,ZM406,GU329333,V,K,Z,N,Z
ZM,2005,ZM408,GU329354,Z,K,Z,N,Z
ZM,2005,ZM410,GU329364,V,Z,Z,N,Z
ZM,2005,ZM411,GU329375,Z,E,Z,Z,Z
ZM,2005,ZM412,GU329389,V,Z,T,Z,Z
ZM,2005,ZM413,GU329399,M,K,H,Z,Z
ZM,2005,ZM414,GU329415,E,K,Z,N,Z
ZM,2005,ZM415,GU329437,V,I,Z,N,Z
ZM,2005,ZM416,GU329458,V,Z,Z,Z,Z
ZM,2005,ZM417,GU329481,M,Z,Z,Z,Z
ZM,2005,ZM418,GU329490,T,Z,Z,N,Z
ZM,2005,ZM419,GU329500,Z,N,Z,Z,Z
ZM,2005,ZM420,GU329510,V,Z,Z,Z,Z
TZ,2005,3168,HM215289,V,Z,Z,Z,Z
TZ,2005,3426,HM215300,M,Z,N,N,Z
TZ,2005,3637,HM215305,V,Z,S,Z,Z
ZA,2005,19157834,HQ595743,V,Z,Z,Z,Z
ZA,2005,18814602,HQ615948,T,Z,Z,N,K
ZA,2005,19252094,HQ615953,Z,Z,Z,H,Z
ZA,2005,19314479,HQ615958,Z,N,E,Z,Z
ZA,2005,CAP258,JN681227,V,I,Z,E,Z
ZM,2005,ZM282M,JX213416,M,Z,N,Z,Z
ZM,2005,ZM284M,JX213435,V,Z,D,Z,Z
ZM,2005,ZM289M,JX213443,V,Z,K,Z,S
ZM,2005,ZM297M,JX213454,V,Z,E,S,Z
BW,2005,B002865,KC154013,Z,Z,Z,Z,S
BW,2005,B003312,KC154014,V,Z,Z,Z,Z
MW,2005,3003,KC862610,V,Z,N,T,Z
MW,2005,3004,KC862627,E,Z,Z,S,Z
MW,2005,3011,KC862648,V,Z,H,Z,Z
MW,2005,3012,KC862666,E,Z,Z,Z,Z
MW,2005,3022,KC862690,V,Z,Z,Z,Z
MW,2005,3025,KC862709,V,N,Z,Z,Z
MW,2005,3026,KC862732,K,T,Z,D,Z
MW,2005,3027,KC862752,E,Z,H,Z,Z
MW,2005,3029,KC862774,I,S,Z,Z,Z
MW,2005,3034,KC862809,V,N,T,Z,Z
MW,2005,3036,KC862828,T,Z,S,Z,Z
MW,2005,3037,KC862848,V,Z,Z,Z,Z
MW,2005,3038,KC862858,V,Z,N,Z,Z
MW,2005,3039,KC862875,T,K,Z,Z,Z
MW,2005,3040,KC862891,Z,K,Z,K,Z
MW,2005,3041,KC862912,T,Z,T,Z,Z
MW,2005,3044,KC862949,V,Z,S,Z,S
MW,2005,3045,KC862967,V,Z,Z,Z,Z
MW,2005,3048,KC862986,T,Z,Z,Z,Z
MW,2005,3049,KC863009,V,Z,Z,Z,Z
MW,2005,3050,KC863032,T,Z,N,Z,Z
KE,2005,-,KT022371,Z,Z,Z,K,T
TZ,2005,CO53,KX907338,Z,L,Z,Z,Z
TZ,2005,CO933,KX907357,V,D,Z,Z,S
TZ,2005,CO3672,KX907382,T,R,Z,Z,Z
SE,2005,pt010,MF373131,Z,Z,Q,Z,T
SE,2005,pt012,MF373133,Z,Z,Z,Z,K
CY,2006,CY166,EU668984,M,Z,T,D,Z
CY,2006,CY175,EU668988,V,Z,H,N,S
ES,2006,ARP1073,EU786673,I,Z,Z,Z,S
ZA,2006,CAP37,FJ443159,Q,Z,Z,N,S
ZA,2006,CAP129,FJ443166,V,Z,D,Z,Z
ZA,2006,CAP69,FJ443177,V,Z,Z,Z,Z
ZA,2006,CAP221,FJ443196,M,K,Z,Z,Z
ZA,2006,CAP222,FJ443209,V,Z,T,N,Z
ZA,2006,CAP136,FJ443240,V,Z,Z,G,Z
ZA,2006,CAP177,FJ443379,E,N,Z,T,Z
ZA,2006,CAP224,FJ443455,Z,Z,Z,K,Z
ZA,2006,CAP260,FJ443474,E,N,T,Z,S
MW,2006,703010010,FJ443533,E,Z,Z,Z,D
ZA,2006,704010017,FJ443757,E,T,T,N,Z
ZA,2006,CAP269,FJ443906,T,Z,Z,Z,Z
MW,2006,2052,FJ444566,V,S,N,Z,Z
TZ,2006,6022,HM215319,Z,Z,Z,N,Z
TZ,2006,6146,HM215324,Z,Z,Z,S,Z
ZA,2006,19738501,HQ595745,V,Z,Z,T,Z
ZA,2006,2833264,HQ595757,V,K,Z,Z,Z
ZA,2006,19707346,HQ615951,V,N,N,Z,Z
ZA,2006,2768732,HQ615952,V,E,Z,Z,S
ZA,2006,2759058,HQ615959,V,N,D,K,S
ZM,2006,ZM1072M,JX213352,Z,Z,I,Z,Z
ZM,2006,ZM282F,JX239342,K,Z,Z,Z,Z
BW,2006,B003603,KC154015,V,Z,Z,Z,S
ZA,2006,CF04,KC863324,V,N,S,T,Z
ZA,2006,CF05,KC863361,Z,S,Z,N,S
ZA,2006,CF08,KC863362,V,Z,S,Z,Z
BW,2006,B005018,KF114881,V,E,T,Z,Z
SE,2006,SE600516,KP411839,V,Z,Z,Z,Z
TZ,2006,CO3278,KX907368,K,Z,Z,Z,Z
TZ,2006,CO3440,KX907375,V,Z,K,Z,Z
TZ,2006,CO3969,KX907391,E,I,T,Z,Z
TZ,2006,CO6139,KX907399,T,Z,Z,Z,Z
TZ,2006,CO6847,KX907425,I,Z,Z,Z,S
TZ,2006,CO6911,KX907428,Z,Z,Z,Z,Z
ZM,2006,ZM1024F,KX983797,Z,N,Z,Z,S
SE,2006,pt013,MF373134,Z,Z,Z,N,Z
SE,2006,pt014,MF373135,V,T,Z,Z,Z
SE,2006,pt016,MF373136,V,S,Z,Z,Z
SE,2006,pt017,MF373137,Z,Z,Z,Z,Z
SE,2006,pt019,MF373139,Z,Z,Z,S,Z
ZA,2007,705010026,FJ443520,T,N,Z,Z,I
ZA,2007,CAP237,FJ443548,E,N,Z,N,Z
ZA,2007,705010110,FJ443557,T,Z,Z,Z,Z
MW,2007,703010217,FJ443575,I,Z,Y,Z,Z
MW,2007,703010193,FJ443600,Z,Z,Z,Z,S
MW,2007,703010159,FJ443624,S,T,Z,Z,Z
ZA,2007,704010083,FJ443666,E,Z,G,N,Z
ZA,2007,704010069,FJ443690,E,D,N,Z,Z
ZA,2007,704010056,FJ443713,Z,Z,S,Z,S
ZA,2007,704010042,FJ443734,V,T,D,Z,Z
MW,2007,703010054,FJ443782,V,D,Z,Z,Z
ZA,2007,CAP188,FJ443839,V,D,T,Z,Z
ZA,2007,CAP40,FJ443861,V,Z,Z,Z,E
ZA,2007,705010015,FJ443883,Z,Z,D,Z,Z
ZA,2007,705010078,FJ443938,Z,N,Z,N,Z
MW,2007,703010200,FJ443989,Z,Z,Z,Z,D
MW,2007,703010228,FJ444007,V,Z,S,S,S
ZA,2007,706010018,FJ444035,V,Z,Z,Z,S
ZA,2007,706010164,FJ444058,V,Z,Z,Z,Z
ZA,2007,706010151,FJ444077,V,Z,Z,Z,S
ZA,2007,704809221,FJ444092,V,Z,Z,N,Z
ZA,2007,704810053,FJ444120,Z,D,T,Z,T
MW,2007,703010073,HM204583,V,E,Z,Z,Z
MW,2007,703010085,HM204584,Z,Z,N,Z,D
MW,2007,703010102,HM204588,V,S,N,Z,I
MW,2007,703010167,HM204592,V,Z,Z,Z,S
MW,2007,703010269,HM204622,T,Z,Z,Z,Z
ZA,2007,20296368,HQ595746,M,Z,Z,Z,Z
ZA,2007,2935054,HQ595758,M,N,Z,Z,Z
ZA,2007,3514597,HQ595759,Z,Z,Z,Z,Z
ZA,2007,5456037,HQ595761,V,Z,Z,Z,Z
ZA,2007,20258279,HQ595762,V,Z,Z,Z,Z
ZA,2007,2969249,HQ595766,Z,N,Z,S,Z
ZA,2007,3545883,HQ615942,V,H,N,P,S
ZA,2007,20198102,HQ615944,V,Z,Z,Z,S
ZA,2007,20104663,HQ615945,L,Z,Z,N,Z
ZA,2007,19715820,HQ615950,Z,Z,Y,Z,S
ZA,2007,2891391,HQ615955,V,Z,T,Z,Z
CY,2007,CY187,JF683740,V,Z,Z,N,S
CY,2007,CY203,JF683755,Z,Z,Z,Z,Z
CY,2007,CY205,JF683757,V,Z,N,Z,S
ZA,2007,503_09003_CA392,JN681221,Z,Z,Z,Z,Z
ZA,2007,503_01009_CT072,JN681232,V,Z,Z,H,Z
ZA,2007,503_02182_CT140,JN681233,V,Z,Z,Z,Z
ZA,2007,503_05649_CT431,JN681234,V,Z,Z,Z,S
ZA,2007,503_07711_CT823,JN681236,V,Z,Z,Z,S
ZA,2007,503_07352_SO431,JN681246,V,Z,T,Z,Z
ZA,2007,503_07518_SO225,JN681252,I,Z,R,Z,Z
ZA,2007,BP00002,JN687694,K,R,Z,Z,Z
ZA,2007,BP00008,JN687706,Z,Z,Z,Z,Z
ZA,2007,BP00029,JN687735,Z,Z,Z,Z,Z
ZA,2007,BP00035,JN687736,Z,Z,Z,S,Z
ZM,2007,Z1792M,JN977604,V,Z,Z,N,Z
ZA,2007,503_11204_CT349,JQ061131,V,Z,Z,Z,Z
ZA,2007,704010028,JQ777026,V,Z,Z,Z,Z
ZA,2007,704010207,JQ777061,Z,Z,K,Z,Z
ZA,2007,704010273,JQ777087,Z,Z,Z,Z,S
ZM,2007,ZM503F,JX213464,K,Z,T,N,Z
ZA,2007,705010067,JX972931,V,I,Z,Y,Z
ZA,2007,705010185,JX973075,T,I,Z,Z,Z
ZA,2007,705010198,JX973171,Z,Z,D,N,Z
MW,2007,703010275,KC149470,E,I,S,Z,Z
ZA,2007,704010034,KC863053,E,Z,D,Z,Z
ZA,2007,704010075,KC863073,V,Z,Y,N,S
ZA,2007,CF09,KC863569,V,Z,Z,Z,S
ZA,2007,CF10,KC863583,V,Z,Z,S,Z
ZA,2007,CF13,KC863599,V,Z,Z,Z,S
ZA,2007,CF17,KC863613,V,N,Z,Z,Z
ZA,2007,CF21,KC863633,Z,Z,Z,Z,E
ZA,2007,704010124,KC894117,T,Z,E,Z,Z
ZA,2007,705010154,KC894120,Z,Z,Z,N,Z
ZA,2007,705010223,KC894123,V,Z,T,Z,Z
BW,2007,B005582,KF114882,Z,Z,Z,N,Z
ZA,2007,503_02660_CT184,KF114889,V,Z,Z,Z,Z
ZA,2007,503_02854_CT810,KF114891,Z,Z,Z,Z,Z
SE,2007,SE600108,KP411830,Z,Z,Z,Z,Z
SE,2007,SE600122,KP411832,M,T,T,Z,G
ZA,2007,503_02051,KT183084,V,N,Z,Z,S
ZA,2007,503_10430,KT183252,V,T,Z,Z,T
ZM,2007,Donor_84_584,KT252545,V,Z,Z,I,Z
ZM,2007,1022M,KX983732,Z,Z,N,Z,Z
ZM,2007,ZM1023M,KX983765,V,Z,Z,R,T
ZM,2007,1047M,KX983831,V,Z,K,N,S
ZM,2007,1800M,KX983891,E,Z,Z,Z,Z
ZA,2007,705010212,KY112082,M,S,Z,Z,Z
ES,2008,P2085,GU332514,Z,N,R,Z,Z
MW,2008,715900301,HM070449,V,Z,Z,Z,Z
MW,2008,715900702,HM070491,Z,Z,Z,Q,Q
MW,2008,715901209,HM070529,N,N,Z,Z,D
MW,2008,714903305,HM070571,V,Z,Z,N,S
MW,2008,714903902,HM070630,V,Z,Z,Z,Z
MW,2008,714904707,HM070791,V,Z,T,Z,S
MW,2008,702010259,HM204597,T,Z,E,Z,Z
MW,2008,702010432,HM204613,E,Z,Z,Z,Z
MW,2008,702010440,HM204614,Z,S,K,Z,Z
TZ,2008,707010457,HM204623,R,Z,Z,N,Z
PT,2008,X2381,HQ236617,V,Z,Z,N,Z
ZA,2008,1245045,HQ595742,Z,N,Z,N,Z
ZA,2008,20721190,HQ595747,Z,Z,Z,Z,Z
ZA,2008,20803520,HQ595748,V,Z,Z,Z,S
ZA,2008,20915593,HQ595749,Z,Z,N,Z,I
ZA,2008,20927783,HQ595750,R,Z,Z,K,T
GB,2008,M320d,HQ595787,V,Z,D,Z,Z
GB,2008,M520c,HQ595789,S,Z,Z,N,S
GB,2008,S315,HQ595800,V,Z,T,N,Z
MW,2008,714903009,HQ595978,V,E,Z,Z,Z
MW,2008,714903404,HQ596030,S,Z,Z,Z,Z
MW,2008,714905807,HQ596137,Z,Z,Z,Z,Z
ZA,2008,20883229,HQ615943,Z,Z,Z,Z,Z
ZA,2008,21203310,HQ615946,V,Z,S,Z,S
MW,2008,-,HQ615962,V,K,Z,Z,Z
MW,2008,-,HQ615963,E,Z,F,Z,Z
MW,2008,-,HQ615964,M,Z,Z,Z,Z
TZ,2008,-,HQ615976,E,N,Z,N,Z
MW,2008,-,HQ615982,V,Z,Z,Z,K
MW,2008,-,HQ615984,V,Z,Z,Z,Z
CY,2008,CY219,JF683768,V,Z,S,Z,Z
CY,2008,CY221,JF683770,V,I,Z,Z,Z
ZA,2008,503_03257_CA327,JN681220,V,Z,Z,E,Z
ZA,2008,503_00146_CA457,JN681222,V,Z,Q,N,Z
ZA,2008,503_06150_CT885,JN681237,E,Z,Z,N,Z
ZA,2008,503_07001_CT966,JN681238,V,N,Z,L,S
ZA,2008,503_11474_CT977,JN681239,I,Z,T,Z,Z
ZA,2008,503_03576_KO426,JN681241,V,Z,S,Z,D
ZA,2008,503_06485_KO756,JN681243,E,Z,Z,Z,Z
ZA,2008,503_06877_KO870,JN681244,V,T,S,N,Z
ZA,2008,503_11070_ME067,JN681245,V,Z,R,Z,Z
ZA,2008,503_10071_SO186,JN681247,Z,N,Z,Z,S
ZA,2008,503_08252_SO405,JN681248,V,Z,Z,T,S
ZA,2008,503_09289_SO706,JN681249,Z,Z,Z,Z,T
ZA,2008,TRP290,JN681253,E,Z,T,Z,Z
ZA,2008,TRP292,JN681254,T,Z,Z,L,Z
ZA,2008,TRP307,JN681255,E,Z,Z,T,Z
ZA,2008,TRP310,JN681256,V,T,Z,N,Z
ZA,2008,BP00016,JN687726,Z,Z,G,Z,Z
ZA,2008,BP00018,JN687728,Z,Z,Z,Z,Z
ZA,2008,BP00023,JN687730,E,Z,Z,Z,Z
ZA,2008,BP00025,JN687731,V,Z,Z,Z,S
ZA,2008,BP00028,JN687734,Z,S,Z,Z,Z
ZA,2008,704010330,JQ777111,V,S,Z,N,Z
ZA,2008,704010461,JQ777137,T,S,Z,Z,Z
ZA,2008,705010534,JQ779170,V,Z,Z,Z,Z
ZA,2008,503_07464_CA240,KC154016,Z,Z,Z,Z,Z
ZA,2008,CAP301,KC154017,L,Z,Z,H,S
ZA,2008,CAP304,KC154018,V,Z,Z,N,D
ZA,2008,CAP306,KC154019,V,Z,Z,Z,S
ZA,2008,CAP308,KC154020,M,Z,T,Z,Z
ZA,2008,CAP311,KC154021,V,Z,Z,Z,Z
ZA,2008,CAP317,KC154022,V,K,Z,Z,Z
ZA,2008,CAP323,KC154023,Z,T,Z,Z,S
ZA,2008,CAP330,KC154025,V,Z,N,Z,Z
ZA,2008,CAP291,KF114884,T,Z,Z,Z,Z
ZA,2008,CAP327,KF114885,V,Z,S,Z,Z
ZA,2008,503_15383_Me178,KF114893,V,Z,Z,Z,Z
ZA,2008,503_05677_So032,KF114894,E,Z,Z,Z,Z
MW,2008,714904419,KF527081,Z,N,Z,Z,Z
MW,2008,702010374,KP109521,V,Z,Z,Z,S
MW,2008,702010798,KP109522,V,N,Z,T,Z
SE,2008,SE600210,KP411833,V,Z,Z,Z,Z
SE,2008,SE600213,KP411834,Z,Z,Z,Z,Z
ZA,2008,503_05780,KT183150,Z,Z,Z,N,Z
ZA,2008,503_06310_KO459,KT183168,V,Z,Z,Z,Z
ZA,2008,503_10230,KT183250,V,Z,Z,N,Z
ZM,2008,ZM1781M,KX983851,V,S,D,Z,Z
MW,2008,CH455,KY111965,E,Z,K,Z,Z
MW,2008,CH492,KY112261,L,Z,Z,Z,Z
ES,2009,P2321,GU332512,T,Z,Z,Z,Z
CH,2009,PT4,HQ322181,Z,Z,A,N,Z
CH,2009,PT5,HQ322204,T,Z,K,K,Z
ZA,2009,20965238,HQ595751,E,N,Z,Z,Z
ZA,2009,20970668,HQ595752,Z,Z,Z,Z,Z
ZA,2009,21197826,HQ595753,V,Z,E,Z,Z
ZA,2009,21283649,HQ595756,Z,T,Z,Z,Z
ZA,2009,3611665,HQ595760,Z,Z,Z,Z,Z
ZA,2009,21200845,HQ595765,E,Z,Z,Z,Z
MW,2009,714910404,HQ595810,Z,Z,Z,Z,Z
ZA,2009,21369737,HQ615941,V,K,Z,N,T
ZA,2009,21492713,HQ615947,V,Z,T,N,Z
ZA,2009,21502011,HQ615949,V,Z,Z,D,Z
ZA,2009,21261106,HQ615956,V,Q,Z,Z,Z
ZA,2009,21399975,HQ615957,E,Z,N,N,Z
ZA,2009,20286961,HQ615960,E,K,Z,D,Z
ZA,2009,21561324,HQ615961,V,Z,Z,Z,Z
GB,2009,N341,JF680927,Z,Z,K,Z,Z
CY,2009,CY260,JF683803,T,Z,T,Z,Y
IT,2009,-,JF937863,V,Z,Z,D,Z
IT,2009,-,JF937879,T,Z,Z,N,Z
ZA,2009,503_13580_CA146,JN681219,T,Z,N,Z,Z
ZA,2009,TRP343,JN681257,Z,Z,Z,Z,Z
ZA,2009,TRP347,JN681258,Z,Z,Z,K,Z
ZA,2009,TRP363,JN681259,V,Z,Z,Z,S
MW,2009,703010256,JQ779074,E,T,Z,D,Z
ZA,2009,21603287,JX140667,V,Z,Z,Z,Z
ZA,2009,21566539,JX140668,K,Z,Z,S,Z
ZA,2009,CAP340,KC154026,M,Z,Y,Z,Z
ZA,2009,CAP341,KC154027,V,Z,T,Z,Z
MW,2009,4017,KC186271,V,Z,Z,Z,Z
MW,2009,4048,KC186308,K,Z,Z,Z,Z
MW,2009,4034,KC186349,T,Z,N,Z,Z
MW,2009,4041,KC186388,T,Z,Z,N,S
MW,2009,4037,KC186457,V,Z,T,Z,Z
MW,2009,4027,KC186611,V,Z,Z,Z,Z
MW,2009,3009,KC186650,Y,Z,Z,N,Z
MW,2009,4013,KC186693,E,Z,Z,Z,Z
MW,2009,4029,KC186730,E,Z,T,Z,Z
MW,2009,4028,KC186771,Z,Z,Z,Z,Z
MW,2009,4008,KC186814,Z,Z,Z,Z,T
MW,2009,4014,KC186893,K,Z,Z,Z,Z
MW,2009,4002,KC186934,N,Z,Z,Z,Z
MW,2009,3002,KC186976,N,S,Z,Z,Z
MW,2009,4045,KC187022,Z,T,Z,Z,Z
MW,2009,4046,KC187067,V,Z,Z,N,Z
MW,2009,4007,KC187107,V,Z,D,N,Z
MW,2009,4004,KC187145,Z,Z,Z,Z,S
MW,2009,4016,KC187179,T,Z,T,Z,Z
MW,2009,3006,KC187349,V,T,Z,Z,S
MW,2009,4032,KC187374,E,Z,Z,K,Z
MW,2009,4026,KC187417,V,Z,Z,N,Z
MW,2009,4049,KC187461,V,Z,Z,Z,Z
MW,2009,4030,KC187538,V,Z,Z,Z,S
MW,2009,3017,KC187577,V,Z,Z,Z,Z
MW,2009,4039,KC187611,V,Z,E,Z,Z
MW,2009,4031,KC187662,V,Z,Z,Z,S
MW,2009,2899_I,KC634164,E,Z,Z,Z,Z
ZA,2009,CAP331,KF114886,E,Z,K,Z,Z
ZA,2009,CAP332,KF114887,I,Z,Z,Z,Z
ZA,2009,503_05130_CT565,KF114890,Z,Z,Z,S,Z
ZA,2009,503_06097_Ko243,KF114892,Z,Z,E,Z,T
ZM,2009,235207,KF716466,V,Z,Z,Z,Z
ZA,2009,CLA001,KF725883,M,N,Z,Z,Z
ZA,2009,CLA002,KF725884,M,Z,T,Z,Z
ZA,2009,CLA004,KF725886,V,Z,Z,Z,Z
ZA,2009,CLA007,KF725887,V,T,Z,Z,Z
ZA,2009,CLA010,KF725888,V,Z,Z,T,Z
ZA,2009,CLA012,KF725890,Z,N,Z,Z,Z
ZA,2009,CLA014,KF725891,Z,Z,T,Z,Z
ZA,2009,CLA015,KF725892,V,Z,T,Z,D
ZA,2009,CLA029,KF725896,V,Z,T,Z,Z
ZA,2009,CLA041,KF725900,Z,Z,Z,Z,Z
ZA,2009,CLA064,KF725911,V,Z,S,Z,Z
ZA,2009,CLA065,KF725912,E,E,H,Z,Z
ZA,2009,CLA068,KF725914,T,Z,Z,Z,Z
ZA,2009,CLA086,KF725921,E,Z,Z,Z,Z
MW,2009,702010852,KP109523,V,Z,Z,N,S
MW,2009,702010955,KP109524,Z,Z,Z,N,Z
MW,2009,702011008,KP109525,V,Z,Z,Z,Z
MW,2009,702011143,KP109526,K,Z,K,Z,S
MW,2009,702011241,KP109527,V,S,H,Z,Z
SE,2009,SE600314,KP411836,E,N,Z,Z,T
ZM,2009,ZM331F,KR820294,V,Z,T,Z,Z
ZM,2009,ZM331M,KR820314,V,N,Z,Z,Z
ZM,2009,ZM3576F,KR820324,V,Z,Z,K,T
ZM,2009,ZM3576M,KR820326,E,Z,K,A,Z
ZM,2009,ZM3618F,KR820341,N,Z,Z,N,Z
ZM,2009,ZM3678F,KR820367,M,N,N,Z,Z
ZM,2009,ZM3678M,KR820385,Q,Z,N,Z,S
ZA,2009,503_02869,KT183114,V,Z,Z,Z,S
ZM,2009,00C235211,KU749426,T,Z,Z,N,Z
MW,2009,CH1064,KY111987,V,Z,T,Z,Z
SE,2009,PT031,MF373145,Z,T,Z,Z,Z
SE,2009,pt033,MF373146,Z,K,Z,Z,Z
SE,2009,pt035,MF373148,M,Z,T,Z,T
ZA,2010,CAP382,KC154028,I,Z,T,Y,Z
MW,2010,4058,KC186165,V,Z,Z,Z,Z
MW,2010,4061,KC186421,V,Z,Z,Z,Z
MW,2010,4059,KC186498,K,Z,E,Z,T
MW,2010,4056,KC186577,I,Z,Z,Z,Z
MW,2010,4055,KC187247,Z,Z,Z,Z,Z
MW,2010,3032,KC187499,V,Z,N,Z,Z
MW,2010,1168_I,KC634109,V,Z,T,Z,Z
MW,2010,1168_P,KC634136,V,Z,Z,Z,K
ZA,2010,CAP378,KF114888,V,Z,Z,S,Z
ZA,2010,CLA105,KF725924,T,Z,Z,Z,Z
ZA,2010,CLA115,KF725927,E,T,D,Z,Q
ZA,2010,CLA138,KF725933,K,Z,S,Z,Z
ZA,2010,CLA146,KF725934,T,Z,Z,Z,Z
ZA,2010,CLA150,KF725935,V,Z,T,Z,T
ZA,2010,CLA162,KF725938,T,Z,Z,Z,Z
ZA,2010,CLA179,KF725944,V,Z,T,Z,Z
ZA,2010,CLA181,KF725945,M,Z,Z,Z,Z
ZA,2010,CLA212,KF725954,V,Z,N,Z,Z
ZA,2010,CLA218,KF725957,Z,Z,Z,K,Z
ZA,2010,CLA219,KF725958,E,Z,K,Z,Z
ZA,2010,CLA223,KF725959,T,Z,Z,Z,Z
ZA,2010,CLA226,KF725961,V,Z,H,Z,Z
ZA,2010,CLA227,KF725962,V,Z,Z,Y,Z
ZA,2010,CLA228,KF725963,V,Z,Z,Z,Z
ZA,2010,CLA239,KF725968,E,N,Z,Z,Z
ZA,2010,CLA241,KF725970,E,Z,T,Z,Z
ZA,2010,CLA243,KF725972,Z,Z,Z,Z,S
ZA,2010,CLA247,KF725975,I,K,Z,N,Z
ZA,2010,CLA248,KF725976,E,N,Z,Z,Z
ZA,2010,CLA253,KF725979,V,Z,N,Z,Z
ZA,2010,CLA257,KF725983,S,Z,Z,Z,S
ZA,2010,CLA261,KF725984,Z,I,Z,N,S
ZA,2010,CLA264,KF725987,T,Z,Z,Z,Z
ZA,2010,CLA267,KF725989,V,Z,Z,Z,S
ZA,2010,CLA268,KF725990,T,Z,Z,Z,Z
ZA,2010,CLA274,KF725994,V,N,Z,N,S
ZA,2010,CLA275,KF725995,V,Z,S,Z,K
ZA,2010,CLA277,KF725996,M,Z,T,Z,Z
ZA,2010,CLA279,KF725997,V,Z,T,Z,Z
ZA,2010,CLA281,KF725999,V,S,Z,G,Z
ZA,2010,CLA282,KF726000,V,N,Z,Z,Z
ZA,2010,CLA283,KF726001,V,N,Z,Z,S
ZA,2010,CLA298,KF726011,V,N,Z,G,Z
ZA,2010,CLA301,KF726014,E,Z,Z,Z,Z
ZA,2010,CLA303,KF726015,V,Z,Z,Z,Z
ZA,2010,CLA309,KF726020,Z,T,Z,Z,Z
ZA,2010,CLA311,KF726022,Z,Z,Z,Z,Z
ZA,2010,CLA321,KF726025,V,Z,S,S,S
SE,2010,SE600412,KP411837,V,N,Z,N,Z
ZM,2010,ZM4248F,KR820394,Z,Z,S,N,Z
ZM,2010,ZM4248M,KR820415,E,N,T,N,Z
BW,2010,mpp_00063,KR861313,Z,Z,Z,Z,Z
BW,2010,mpp_00115,KR861315,V,Z,Z,Z,Z
BW,2010,mpp_00117,KR861316,V,Z,Z,Z,Z
BW,2010,mpp_00120,KR861317,M,Z,Y,Z,Z
BW,2010,mpp_00197,KR861325,E,T,Z,Z,Z
BW,2010,mpp_00205,KR861326,Z,Z,Z,Z,S
BW,2010,mpp_00241,KR861329,E,N,Z,Z,Z
BW,2010,mpp_00270,KR861331,V,Z,N,Z,Z
BW,2010,mpp_00307,KR861333,R,T,Z,Z,Z
BW,2010,mpp_00361,KR861337,R,Z,G,Z,Z
BW,2010,mpp_00380,KR861340,V,Z,Z,Z,Z
BW,2010,mpp_00489,KR861345,V,Z,Z,D,Z
DE,2010,622166,KT124786,V,Z,T,Z,Z
SE,2010,PT041,MF373152,Z,E,Z,T,Z
SE,2010,pt043,MF373154,E,Z,Z,N,Z
ZM,2011,00C235250,KF716467,E,Z,D,Z,Z
ZM,2011,235249,KP109495,K,Z,Z,Z,Z
ZM,2011,ZM4473M,KR820440,E,Z,Z,T,Z
BW,2011,mpp_00038,KR861312,V,Z,Z,Z,Z
BW,2011,mpp_00088,KR861314,Z,N,Z,D,Z
BW,2011,mpp_00145,KR861320,Q,Z,Z,N,Z
BW,2011,mpp_00157,KR861321,T,Z,E,Z,Z
BW,2011,mpp_00168,KR861323,V,Z,Z,N,Z
BW,2011,mpp_00188,KR861324,Z,T,Z,Z,Z
BW,2011,mpp_00259,KR861330,V,N,D,Z,Z
BW,2011,mpp_00286,KR861332,V,Z,Z,Z,Z
BW,2011,mpp_00321,KR861334,Z,Z,Z,Z,Z
BW,2011,mpp_00323,KR861335,V,N,I,Z,Z
BW,2011,mpp_00354,KR861336,V,N,H,Z,R
BW,2011,mpp_00373,KR861339,E,N,S,Z,Z
BW,2011,mpp_00437,KR861341,E,Z,Z,Z,Z
BW,2011,mpp_00454,KR861342,Z,Z,Z,Z,Z
BW,2011,mpp_00456,KR861343,Z,Z,T,P,K
MW,2011,2173_I,KT896565,V,Z,Z,K,Z
SE,2011,pt053,MF373156,E,T,S,Z,Z
SE,2011,pt054,MF373157,V,Z,T,D,Z
SE,2011,PT055,MF373158,V,I,Z,Z,Z
SE,2011,pt056,MF373159,N,Z,R,R,Z
SE,2011,PT061,MF373164,T,Z,Z,N,Z
SE,2011,pt062,MF373165,V,Z,D,T,S
SE,2011,PT063,MF373166,T,N,T,Z,Z
ZA,2012,23880559,KP109516,N,T,T,Z,Z
ZA,2012,24274838,KP109517,Z,Z,Z,N,Z
BW,2012,mpp_00144,KR861319,Z,Z,Z,Z,T
BW,2012,mpp_00219,KR861327,V,Z,Z,Z,S
BW,2012,mpp_00478,KR861344,E,L,Z,S,Z
FR,2012,RO,KY825630,K,Z,Z,R,Z
SE,2012,PT066,MF373169,V,Z,Z,Z,Z
SE,2012,pt067,MF373170,Z,Z,Z,Z,E
SE,2012,PT068,MF373171,Z,Z,Z,Z,T
SE,2012,pt072,MF373175,T,Z,Z,Z,Z
SE,2012,pt073,MF373176,V,Z,Z,Z,I
SE,2012,pt074,MF373177,Z,N,Z,Z,Z
SE,2012,PT075,MF373178,Z,Z,Z,D,Z
SE,2012,PT076,MF373179,Z,Z,K,T,T
SE,2013,SE600311,KP411835,Z,Z,Z,Z,Z
BW,2013,bcpp_00147,KR861270,T,Z,W,T,Z
BW,2013,bcpp_00192,KR861279,V,Z,Z,N,Z
BW,2013,mpp_00238,KR861328,V,Z,Z,Z,Z
ZA,2013,24423887,KU749416,V,Z,Z,Z,Z
ZA,2013,24432359,KU749417,E,Z,Z,Z,Z
GB,2013,-,MF109366,Z,Z,Z,N,Z
GB,2013,-,MF109379,E,T,N,N,Z
GB,2013,-,MF109504,M,Z,T,N,Z
GB,2013,-,MF109507,V,Z,T,Z,Z
GB,2013,-,MF109510,Z,Z,Z,Z,Z
GB,2013,-,MF109593,T,Z,N,N,Z
GB,2013,-,MF109670,I,Z,Z,Z,Z
GB,2013,-,MF109684,M,Z,Z,Z,Z
GB,2013,-,MF109706,V,Z,T,N,T
GB,2013,-,MF109707,E,T,Z,Z,Z
SE,2013,PT082,MF373184,Z,Z,Z,Z,Z
SE,2013,PT085,MF373187,Z,Z,Z,Z,Z
SE,2013,PT090,MF373192,Z,Z,Z,H,S
BW,2014,bcpp_00030,KR861257,T,Z,Z,Z,Z
BW,2014,bcpp_00048,KR861259,E,Z,K,Z,Z
BW,2014,bcpp_00090,KR861264,V,Z,S,H,Z
BW,2014,bcpp_00127,KR861269,I,Z,Z,Z,Z
BW,2014,bcpp_00155,KR861271,E,Z,N,Z,Q
BW,2014,bcpp_00166,KR861273,Z,Z,Z,N,Z
BW,2014,bcpp_00180,KR861276,V,Z,Z,Z,Z
BW,2014,bcpp_00201,KR861280,V,Z,Z,N,S
BW,2014,bcpp_00204,KR861281,V,Z,T,Z,Z
BW,2014,bcpp_00207,KR861282,V,Z,Z,Z,Z
BW,2014,bcpp_00211,KR861283,V,Z,T,Z,Z
BW,2014,bcpp_00403,KR861304,Z,Z,Z,Z,S
BW,2014,bcpp_00460,KR861308,V,Z,T,Z,K
FR,2014,BA,KY825261,V,Z,Z,T,T
GB,2014,-,MF109403,T,Z,T,N,Z
GB,2014,-,MF109441,Z,Z,E,Z,Z
GB,2014,-,MF109513,V,Z,T,Z,Z
GB,2014,-,MF109522,E,Z,Z,Z,Z
GB,2014,-,MF109528,V,Z,Z,N,Z
GB,2014,-,MF109535,V,Z,T,Z,Z
GB,2014,-,MF109539,V,Z,Z,Z,Z
GB,2014,-,MF109557,V,Z,N,N,S
GB,2014,-,MF109563,L,Z,Z,Z,Z
GB,2014,-,MF109589,Z,Z,Z,I,Z
GB,2014,-,MF109591,L,Z,Z,N,Z
GB,2014,-,MF109599,T,Z,V,N,T
GB,2014,-,MF109606,V,Z,T,N,Z
GB,2014,-,MF109607,K,F,Z,Z,Z
GB,2014,-,MF109609,V,Z,T,Z,Z
GB,2014,-,MF109612,Z,Z,Z,Z,Z
GB,2014,-,MF109617,V,Z,Z,N,Z
GB,2014,-,MF109626,M,R,Z,N,Z
SE,2014,PT091,MF373193,V,Z,T,N,Z
SE,2014,pt095,MF373197,Z,E,Z,N,C
SE,2014,PT096,MF373198,Z,Z,Z,Z,Z
SE,2014,pt097,MF373199,Z,T,Z,Z,Z
ES,2015,EUR0067,KY496624,Z,Z,V,Z,Z
ES,2015,100595,KY989952,Z,Z,Z,Z,Z
SE,2015,PT100,MF373202,Z,Z,Z,Z,Z