Country,Year,Patient,Accession,295,332,339,392,448
US,1979,NYC16,KJ704790,Z,Z,D,Z,Z
US,1981,81CA1,AY247218,Z,Z,Z,Z,Z
US,1981,81CA2,AY247219,Z,Z,Z,Z,Z
US,1981,81GA,AY247220,Z,Z,Z,Z,Z
US,1981,81NJ,AY247221,Z,Z,D,Z,Z
US,1981,81NY1,AY247222,Z,Z,Z,Z,Z
US,1981,81NY2,AY247223,Z,Z,D,Z,Z
US,1981,81NY3,AY247224,Z,Z,Z,Z,Z
CA,1982,82CAN,AY247225,Z,Z,Z,Z,Z
US,1982,5048,AY835759,N,Z,Y,Z,Z
US,1982,H2,EF159970,Z,Z,Z,Z,Z
US,1982,H3,EF159971,N,Z,Z,Z,Z
US,1982,H5,EF159972,Z,Z,Z,Z,Z
US,1983,5096,AY835748,Z,Z,Z,Z,Z
US,1983,5084,AY835754,Z,Z,D,Z,Z
US,1983,5082,AY835770,Z,Z,Z,Z,Z
US,1983,5018,AY835777,Z,Z,Z,Z,Z
US,1983,H6,EF159973,Z,Z,Z,Z,Z
US,1983,H7,EF159974,Z,Z,Z,Z,H
US,1983,ARV-2,K02007,Z,Z,Z,Z,Z
US,1983,RF,M17451,Z,Z,Z,Z,Z
US,1984,SF33,AY352275,Z,Z,Z,Z,Z
US,1984,5160,AY835762,Z,Z,A,Z,Z
US,1984,5019,AY835779,Z,Z,Z,Z,Z
US,1984,451,M13137,Z,Z,Z,N,Z
US,1984,SC,M17450,Z,Z,Z,S,Z
US,1984,NY5,M38431,Z,Z,Z,Z,Z
US,1984,SC141,U90934,Z,Z,Z,Z,Z
US,1985,3,AF025751,Z,Z,D,Z,Z
US,1985,11,AF025758,Z,Z,Z,Z,Z
US,1985,21,AF025764,Z,Z,Z,Z,Z
US,1985,C,AY357338,Z,Z,Z,Z,Z
US,1985,5157,AY835755,Z,Z,Z,Z,Z
US,1985,5077,AY835769,Z,Z,Z,Z,Z
US CAT,1985,BAL_26,DQ318211,Z,Z,Z,Z,Z
US ICUW,1985,10048,KX129172,Z,Z,Z,Z,Z
US ICUW,1985,10196,KX129177,Z,Z,N,Z,Z
US ICUW,1985,10204,KX129183,Z,Z,E,Z,Z
US ICUW,1985,10213,KX129185,Z,Z,E,Z,Z
US ICUW,1985,10259,KX129191,Z,Z,Z,Z,Z
US ICUW,1985,IC_10425,KX129198,Z,Z,Z,Z,Z
US ICUW,1985,30048,KX129290,Z,Z,Z,Z,Z
US,1985,WMJ,M12507,Z,Z,Z,Z,Z
US,1985,AL-1,M38430,Z,Z,E,Z,Z
US,1985,WC1-001,U69584,Z,T,Z,Z,Z
US,1986,1,AF025749,Z,Z,Z,Z,Z
US,1986,2,AF025750,Z,Z,Z,Z,Z
US,1986,4,AF025752,Z,Z,Z,Z,K
US,1986,8,AF025756,N,Z,Z,Z,Z
US,1986,16,AF025759,Z,Z,Z,Z,Z
US,1986,17,AF025760,Z,Z,T,Z,Z
US,1986,18,AF025761,Z,Z,Z,Z,Z
US CAT,1986,ADA,AY426119,Z,Z,Z,Z,Z
US CAT,1986,JRCSF,AY669726,Z,Z,Z,Z,Z
US CAT,1986,JRFL,AY669728,Z,Z,Z,Z,Z
US,1986,5113,AY835757,Z,Z,Z,Z,Z
US,1986,5127,AY835774,Z,Z,K,Z,Z
US ICUW,1986,20476,KX129257,Z,Z,Z,Z,Z
US,1986,YU,M93258,Z,Z,E,T,Z
US,1987,7,AF025755,Z,Z,E,Z,Z
US,1987,9,AF025757,Z,Z,Z,Z,Z
US ICUW,1987,10419,KX129197,Z,Z,Z,Z,Z
US ICUW,1987,10473,KX129200,Z,Z,Z,Z,Z
US ICUW,1987,11100,KX129204,Z,Z,F,Z,Z
US ICUW,1987,IC_11200,KX129207,N,Z,Z,Z,Z
US ICUW,1987,IC_20439,KX129255,Z,Z,Z,Z,Z
US ICUW,1987,30281,KX129294,Z,Z,Z,Z,Z
US,1988,6,AF025754,Z,Z,Z,S,Z
US,1988,19,AF025762,T,Z,Z,Z,K
US,1988,WR27,AF286365,Z,Z,K,Z,Z
US ICUW,1988,IC_27,KX129282,Z,Z,E,Z,Z
US ICUW,1988,38,KX129301,Z,Z,Z,Z,Z
US ICUW,1988,IC_61,KX129402,Z,Z,E,Z,Z
US,1989,20,AF025763,Z,Z,Z,Z,Z
US,1989,R2,AF128126,Z,Z,T,D,Z
US,1989,5073,AY835766,T,N,Z,Z,Z
US,1989,patient,HQ110664,Z,Z,T,D,Z
US ICUW,1989,101,KX129175,Z,Z,Z,Z,Z
US ICUW,1989,102,KX129180,Z,Z,Z,Z,Z
US ICUW,1989,122,KX129225,Z,Z,Z,Z,Z
US ICUW,1989,IC_123,KX129226,Z,Z,Z,Z,Z
US,1989,P896,U39362,Z,Z,Z,Z,Z
US,1990,US1,AY173952,Z,Z,Z,Z,Z
US,1990,US3,AY173954,Z,Z,Z,Z,Z
US CAT,1990,WEAU_D15_410,EU289202,Z,Z,Z,Z,Z
US CAT,1990,BORI_D9_4F8_1413,EU576299,Z,I,E,Z,Z
US,1990,M1001,KT283686,Z,Z,Z,Z,Z
US,1991,US2,AB485638,N,Z,Z,Z,Z
US,1991,DH12,AF069139,Z,Z,H,Z,Z
US,1991,R3A,AY608576,Z,Z,Z,Z,Z
US CAT,1991,SUMA_D5_8_2,EU577054,Z,Z,Z,Z,Z
US,1991,LACU9000,GU331722,Z,Z,Z,Z,Z
US ICUW,1991,18,KX129248,E,Z,Z,Z,Z
US ICUW,1991,193,KX129249,Z,Z,Z,S,Z
US ICUW,1991,2,KX129253,Z,Z,Z,Z,Z
US ICUW,1991,IC_23,KX129261,Z,Z,Z,Z,Z
US ICUW,1991,IC_231,KX129262,Z,Z,Z,Z,Z
US ICUW,1991,239,KX129264,L,Z,T,Z,Z
US ICUW,1991,241,KX129268,Z,Z,Z,Z,Z
US ICUW,1991,246,KX129270,Z,Z,Z,Z,Z
US ICUW,1991,247,KX129273,Z,Z,Z,Z,Z
US ICUW,1991,253,KX129278,Z,Z,K,Z,Z
US ICUW,1991,IC_54,KX129399,Z,Z,E,Z,K
US,1992,M1002,KT283704,Z,Z,Z,Z,Z
US ICUW,1992,254,KX129281,Z,Z,Z,Z,Z
US ICUW,1992,IC_53,KX129392,Z,Z,D,Z,Z
US,1992,301657,U04908,Z,Z,G,Z,Z
TT,1993,SC02,AF277058,Z,Z,Z,Z,Z
CA,1993,-,AJ277821,Z,T,D,Z,Z
CARR CAT,1993,SC05_8C11_2344,EU289200,Z,Z,Z,Z,Z
US ICUW,1993,35,KX129297,D,Z,D,N,Z
US ICUW,1993,387,KX129303,Z,Z,Z,Z,Z
US ICUW,1993,389,KX129306,Z,Z,Z,Z,Z
US ICUW,1993,404,KX129310,Z,Z,Z,Z,K
US ICUW,1993,434,KX129311,Z,Z,Z,Z,Z
TT,1994,SC11,AF277055,Z,Z,Z,Z,K
TT,1994,SC20,AF277057,Z,D,D,Z,Z
TT,1994,679,AF277064,Z,Z,Z,Z,Z
US,1994,33931,AY713410,Z,Z,D,Z,Z
US CAT,1994,6101_1,AY835434,Z,Z,Z,Z,Z
US,1994,7165-P23,AY835437,Z,Z,Z,Z,Z
CARR CAT,1994,QH0692_42,AY835439,Z,Z,Z,Z,Z
US,1994,MACS4,DQ313246,Z,Z,Z,Z,Z
TT,1994,SC22,EF593245,Z,Z,Z,Z,Z
US,1994,PRB926,EU289197,Z,T,D,Z,Z
US,1994,M1003,KT283729,Z,Z,Z,Z,Z
US ICUW,1994,450,KX129321,Z,Z,Z,Z,Z
US ICUW,1994,451,KX129324,Z,Z,Z,Z,Z
US ICUW,1994,454,KX129328,Z,Z,Z,Z,Z
US ICUW,1994,461,KX129329,T,Z,S,Z,Z
US ICUW,1994,IC_462,KX129331,Z,Z,Z,Z,Z
US ICUW,1994,465,KX129332,T,Z,Z,Z,Z
US ICUW,1994,479,KX129371,Z,Z,Z,Z,Z
TT,1995,SC42,AF277068,Z,Z,Z,Z,Z
TT,1995,850,AF277069,Z,Z,Z,Z,Z
TT,1995,SC45,AF277071,Z,Z,D,Z,Z
TT,1995,SC25,AF277072,Z,Z,K,Z,Z
TT,1995,SC47,AF277073,N,Z,Z,Z,Z
TT,1995,SC50,AF277074,Z,Z,Z,Z,K
US,1995,5768-P27,AY835435,Z,N,Z,Z,Z
US,1995,3988-P46,AY835436,Z,Z,Z,Z,Z
US,1995,6535-P30,AY835438,Z,Z,Z,Z,Z
US CAT,1995,6240_08_TA5_4622,EU289190,Z,Z,Z,Z,Z
US CAT,1995,PRB931_06_TC3_4930,EU289198,Z,Z,Z,Z,Z
US,1995,PIC90770,JN024274,Z,Z,Z,N,Z
US,1995,1,JQ609870,T,Z,T,Z,Z
US,1995,M1007,KT283740,N,Z,Z,Z,Z
US,1995,Pt9,KU678161,Z,Z,Z,Z,Z
TT,1996,SC51,AF277075,Z,Z,Z,Z,Z
CA,1996,WC10,AY314044,Z,Z,Z,Z,Z
US,1996,1057,AY331292,N,T,Z,Z,S
US,1996,PIC55751,AY835443,E,T,T,N,Z
US,1996,62130,EF593195,Z,T,Z,Z,Z
TT,1996,SC13,EF593243,Z,Z,Z,Z,Z
US,1996,61792,EF593301,Z,Z,Z,Z,Z
US,1996,62615,EF593303,Z,Z,Z,N,D
US,1996,9075,EF593319,N,Z,Z,Z,Z
US CAT,1996,6244_13_B5_4567,EU289191,D,Z,Z,Z,Z
US,1996,C26,U84819,Z,T,Z,Z,Z
US,1997,CS2,AB078005,Z,Z,Z,D,K
US,1997,1018,AY331289,Z,Z,Z,Z,Z
CA,1997,CAN-B,AY779553,Z,Z,N,Z,Z
US,1997,SS1196,AY835442,Z,Z,Y,Z,Z
US,1997,1053,EF593182,Z,Z,Z,Z,Z
US,1997,6247,EF593200,Z,T,Z,Z,Z
US,1997,63054,EF593201,Z,Z,Z,Z,Z
US,1997,63068,EF593202,Z,Z,Z,Z,Z
US,1997,9010,EF593204,Z,Z,Z,Z,Z
US,1997,9015,EF593206,Z,Z,Z,Z,Z
US,1997,9076,EF593211,Z,Z,Z,Z,Z
US,1997,PRB956,EF593232,Z,Z,E,Z,Z
US,1997,6248,EF593302,Z,Z,E,Z,Z
US,1997,62995,EF593304,Z,Z,Z,Z,Z
US,1997,63215,EF593305,Z,Z,N,N,Z
US,1997,9019,EF593308,Z,Z,Z,Z,Z
US,1997,9022,EF593309,Z,Z,Z,Z,Z
US CAT,1997,SF162,EU123924,Z,Z,Z,Z,Z
US CAT,1997,1006_11_C3_1601,EU289183,Z,Z,Z,Z,Z
US CAT,1997,1012_11_TC21_3257,EU289184,Z,Z,Z,Z,Z
US CAT,1997,62357_14_D3_4589,EU289189,Z,Z,Z,Z,Z
US CAT,1997,1051_12_TD12_3291,EU575170,Y,K,N,Z,Z
US CAT,1997,9014_01_TB1_4769,EU575786,T,Z,Y,Z,Z
CA,1997,580208,GU562028,Z,Z,Z,Z,K
CA,1997,CQLDR03,GU562058,Z,Z,Z,Z,Z
CA,1997,HTM319,GU562218,E,Z,T,Z,Z
US,1997,4012,JN562755,N,Z,Z,Z,Z
US,1997,5003,JN562770,Z,S,Z,Z,Z
US,1997,5002,JN562785,Z,I,Z,Z,Y
US,1997,4013,JN562791,Z,Z,Z,T,Z
US ICUW,1997,277,KX129283,Z,Z,Z,Z,Z
US ICUW,1997,IC_357,KX129300,T,Z,Z,Z,Z
US ICUW,1997,525,KX129390,Z,Z,Z,Z,Z
US ICUW,1997,619,KX129406,T,Z,Z,Z,Z
US ICUW,1997,689,KX129460,Z,Z,Z,Z,K
US ICUW,1997,714,KX129471,Z,Z,M,S,Z
US ICUW,1997,715,KX129476,Z,Z,Z,Z,Z
US ICUW,1997,IC_645,KX255826,Z,Z,Z,Z,Z
US,1997,M02,U84854,D,T,Z,Z,Z
US,1998,1925,AY560107,Z,Z,Z,N,Z
US,1998,3605,AY560108,Z,Z,Z,Z,Z
CA,1998,CAN-A,AY779550,Z,Z,D,Z,Z
CA,1998,CAN-C,AY779557,Z,Z,Z,Z,Z
US,1998,PIC1365,DQ853455,Z,Z,Z,S,Z
US,1998,9032,EF593210,Z,Z,Z,Z,Z
TT,1998,TT27P,EF593263,Z,T,Z,D,Z
TT,1998,TT28P,EF593264,Z,Z,T,Z,Z
US,1998,Z02,EF593282,Z,Z,Z,S,Z
US,1998,Z03,EF593283,Z,Z,Z,Z,Q
US,1998,Z05,EF593284,Z,Z,Z,Z,Z
US,1998,9023,EF593310,N,Z,Z,D,Z
US,1998,9025,EF593312,Z,Z,Z,Z,K
US,1998,9026,EF593313,Z,Z,Z,Z,Z
US,1998,9028,EF593314,Z,D,T,Z,Z
US,1998,9029,EF593315,Z,Z,Z,Z,Z
US,1998,9030,EF593316,Z,Z,E,Z,Z
US,1998,9031,EF593317,T,Z,Z,Z,Z
US,1998,9033,EF593318,Z,Z,Z,Z,Z
US CAT,1998,1058_11_B11_1550,EU289187,H,Z,Z,N,Z
US CAT,1998,9021_14_B2_4571,EU289196,Z,Z,Z,Z,Z
US CAT,1998,1059_09_A4_1460,EU575376,Z,Z,Z,Z,Z
US CAT,1998,9020_20_A13_4607,EU575870,Z,Z,Z,Z,Z
CARR CAT,1998,TT31P_2F10_2792,EU577213,Z,Z,Z,Z,Z
CA,1998,1001,GU562080,N,Z,Z,Z,Z
US,1998,119534,KT124747,Z,Z,Z,Z,Z
US,1998,394242,KT124769,K,Z,T,Z,Z
US,1998,433768,KT124771,S,Z,Z,Z,Z
US ICUW,1998,295,KX129289,Z,Z,Z,N,Z
US ICUW,1998,537,KX129397,T,Z,Z,Z,Z
US ICUW,1998,736,KX129478,Z,Z,E,Z,Z
US ICUW,1998,IC_741,KX129482,Z,N,Z,Z,T
US ICUW,1998,742,KX129483,Z,Z,Z,S,Z
US,1999,PRB959,AY331296,Z,Z,Z,Z,Z
US,1999,12008,EF593187,Z,Z,Z,Z,Z
US,1999,9079,EF593213,D,T,E,Z,Z
US,1999,PRB957,EF593233,D,Z,T,Z,Z
TT,1999,TT34P,EF593267,Z,Z,Z,Z,K
TT,1999,TT35P,EF593268,Z,Z,K,T,S
US,1999,Z10,EF593285,Z,Z,Z,Z,Z
US,1999,Z16,EF593287,Z,T,Z,S,Z
US,1999,12007,EF593300,T,Z,Z,Z,Z
US,1999,Z13,EU577480,Z,Z,Z,Z,Z
US,1999,AD17,GU331218,Z,Z,Z,Z,Z
US,1999,4030,JN562759,Z,I,W,Z,Z
US,1999,7766,JN786724,Z,Z,Z,Z,Z
US,1999,10017,JN786767,E,Z,Z,Z,Z
US,1999,CA110,JN786795,Z,Z,Z,Z,Z
US,1999,-,JQ403100,Z,Z,Z,Z,Z
US,1999,18,JQ609973,Z,Z,Z,S,Z
US,1999,489910,KT124776,Z,Z,D,N,Z
US,1999,868558,KT124798,Z,Z,Z,Z,Z
US ICUW,1999,691,KX129468,Z,Z,Z,S,Z
US ICUW,1999,IC_790,KX129488,Z,Z,Z,Z,Z
US ICUW,1999,818,KX129499,Z,Z,Z,Z,Z
US,2000,WITO4160,AY835451,Z,Z,Z,Z,Z
US,2000,APV_2,DQ869026,Z,Z,Z,Z,Z
US,2000,ES1,EF363122,Z,Z,Z,Z,Z
US,2000,PRB958,EF593234,Z,Z,Z,Z,Y
TT,2000,SC03,EF593240,Z,Z,D,Z,Z
US,2000,Z18,EF593288,T,Z,Z,Z,Z
US,2000,Z20,EF593289,Z,Z,Z,Z,S
TT,2000,8767,EU839606,Z,N,M,Z,Z
TT,2000,SC46,HQ217651,Z,Z,Z,Z,Z
US,2000,4033,JN562764,Z,Z,Z,Z,Z
US CAT,2000,RHPA_C,JN944944,Z,Z,Q,T,Z
US CAT,2000,THRO_C,JN944946,Z,Z,Z,Z,Z
US,2000,929172,KT124806,Z,Z,Z,Z,Z
US ICUW,2000,206,KX129260,Z,Z,Z,Z,Z
US ICUW,2000,IC_510,KX129376,Z,Z,Z,Z,Z
US ICUW,2000,665,KX129442,Z,Z,Z,Z,Z
US,2001,TRJO4551,AY835450,Z,Z,Z,Z,Z
US,2001,APV_1,DQ869014,Z,Z,T,Z,E
US,2001,APV_11,DQ869017,T,Z,T,Z,Z
US,2001,APV_13,DQ869019,Z,Z,R,Z,Z
US,2001,APV_3,DQ869027,Z,Z,Z,K,Z
US,2001,APV_4,DQ869028,K,Z,Z,Z,Z
US,2001,WC3,EF121405,Z,T,E,N,Z
US,2001,CRPE4571,EF593221,T,Z,K,Z,Z
US,2001,SMRE4166,EF593254,Z,Z,Z,Z,Z
TT,2001,TT103,EF593259,Z,T,Z,Z,Z
TT,2001,TT112P,EF593260,Z,Z,Z,Z,Z
TT,2001,TT113P,EF593261,Z,Z,Z,Z,K
TT,2001,TT114P,EF593262,Z,Z,Z,S,Z
US,2001,Z23,EF593290,Z,Z,Z,Z,S
US,2001,Z27,EF593291,I,Z,T,Z,Z
US,2001,Z29,EF593292,Z,Z,Z,Z,Z
US,2001,Z30,EF593293,Z,Z,Z,Z,Z
US,2001,Z31,EF593294,Z,Z,E,Z,Z
TT,2001,50069,EU839608,Z,T,Z,Z,Z
US,2001,-,FJ469738,Z,T,Z,Z,Z
US,2001,108051,HM769943,T,Z,Z,S,Z
TT,2001,TT106,HQ217760,T,Z,Z,Z,K
US CAT,2001,REJO_C,JN944943,Z,T,Z,Z,Z
US,2001,45,JQ609684,Z,Z,Y,Z,Z
US CAT,2001,NIH45,JQ609687,Z,Z,E,Z,Z
US,2001,135466,KT124748,Z,T,K,N,Z
US,2001,880955,KT124799,Z,T,Z,Z,Z
US ICUW,2001,IC_473,KX129338,Z,Z,Z,Z,Z
US ICUW,2001,684,KX129456,Z,Z,S,Z,Z
US ICUW,2001,711,KX129469,Z,Z,Z,Z,Z
US ICUW,2001,786,KX129487,Z,Z,Z,Z,Z
US ICUW,2001,797,KX129494,Z,T,Z,Z,Z
US ICUW,2001,912,KX129508,N,Z,Z,Z,Z
US ICUW,2001,IC_935,KX129509,H,Z,T,Z,Z
US ICUW,2001,940,KX129511,Z,T,Z,Z,Z
US,2002,APV_14,DQ869020,Z,Z,Z,D,Z
US,2002,APV_15,DQ869021,Z,V,K,S,Z
US,2002,APV_16,DQ869022,Z,Z,Z,Z,Z
US,2002,FOJO4081,EF593223,Z,T,H,N,Z
US,2002,HEMA4284,EF593224,Z,Z,Z,Z,Z
US,2002,OLLA4645,EF593229,Z,Z,Z,Z,Q
US,2002,SHKE4761,EF593253,Z,Z,Z,Z,Z
US,2002,Z32,EF593295,S,Z,E,Z,Z
US,2002,Z33,EF593296,Z,Z,Z,Z,Z
US,2002,Z34,EF593297,Z,Z,Z,Z,Z
US,2002,-,FJ469687,Z,Z,Z,Z,Z
US,2002,-,FJ469688,Z,Z,Z,Z,Z
US,2002,-,FJ469693,T,Z,Z,Z,I
US,2002,-,FJ469728,Z,Z,Z,Z,Z
US,2002,-,FJ469730,Z,Z,G,Z,Z
US,2002,-,FJ469734,Z,Z,E,N,Z
US,2002,-,FJ469735,Z,Z,Z,Z,Z
US,2002,-,FJ469737,Z,Z,Z,Z,Z
US,2002,-,FJ469741,Z,Z,K,Z,Z
US,2002,-,FJ469748,Z,Z,Z,Z,Z
US,2002,-,FJ469749,Z,T,Z,Z,Z
US,2002,-,FJ469757,Z,Z,K,S,K
US,2002,-,FJ469758,Z,Z,Z,K,Z
US,2002,-,FJ469760,Z,Z,Z,Z,Z
US,2002,4013226,FJ496072,Z,Z,Z,Z,Z
US,2002,4013171,GU330247,Z,I,Z,Z,Z
US,2002,AD77,GU331550,Z,Z,N,Z,Z
US,2002,EABE4469,HQ217193,Z,Z,E,D,Z
US,2002,7115,JN562802,Z,Z,Z,Z,Z
US,2002,V5249,JQ403102,Z,Z,Z,Z,Z
US,2002,-,JQ403105,Z,Z,Z,Z,Z
US,2002,306029,JX863967,Z,E,R,Z,Z
US,2002,494131,KT124777,Z,T,Z,Z,Z
US,2002,848017,KT124795,Z,Z,E,Z,Z
US,2002,996401,KT124814,N,Z,R,Z,Z
US ICUW,2002,1036,KX129193,Z,Z,Z,Z,Z
US ICUW,2002,IC_475,KX129355,Z,Z,E,Z,Z
US ICUW,2002,660,KX129426,Z,Z,Z,N,Z
US,2003,APV_10,DQ869016,Z,Z,Z,Z,Z
US,2003,APV_18,DQ869024,Z,Z,Z,Z,Z
US,2003,APV_19,DQ869025,Z,N,Z,N,Z
US,2003,APV_5,DQ869029,Z,Z,K,T,Z
US,2003,APV6,DQ869030,Z,Z,Z,Z,Z
US,2003,APV_7,DQ869031,Z,Z,Z,Z,I
US,2003,APV_8,DQ869032,Z,Z,Z,Z,Z
US,2003,AS1,EF125655,Z,Z,Z,Z,Z
US,2003,FERI5029,EF593222,Z,Z,Z,Z,Z
US,2003,MEMI4948,EF593228,Z,Z,Z,Z,Z
US,2003,TALA4022,EF593256,Z,Z,Z,Z,Z
US,2003,Z35,EF593298,Z,T,Z,Z,Z
US,2003,Z36,EF593299,Z,Z,Z,Z,I
US,2003,-,FJ469701,Z,Z,R,Z,Z
US,2003,-,FJ469731,Z,Z,E,Z,Z
US,2003,-,FJ469739,Z,Z,Z,Z,Z
US,2003,-,FJ469740,T,Z,Z,Z,Z
US,2003,-,FJ469742,Z,Z,Z,Z,Z
US,2003,-,FJ469743,Z,Z,Z,Z,Z
US,2003,-,FJ469753,Z,Z,Z,Z,Z
US,2003,-,FJ469755,Z,Z,N,Z,K
US,2003,-,FJ469759,Z,Z,Z,Z,Z
US,2003,PRLS24,FJ469764,Z,Z,E,Z,Z
US,2003,-,FJ469765,Z,Z,Z,Z,Z
US,2003,4013296,GU330524,Z,Z,T,Y,S
US,2003,AD83,GU331590,Z,Z,K,Z,Z
CA,2003,1029,GU562105,Z,Z,Z,S,Z
CA,2003,1032,GU562134,Z,Z,M,N,Z
CA,2003,PSL024,GU562271,Z,Z,E,Z,Z
US,2003,S01,HM234502,Z,Z,Z,Z,E
US,2003,RHGA1581,HQ217443,Z,N,Z,Z,Z
US,2003,-,JQ403106,R,Z,Z,T,Z
US,2003,DE03JP004,KC473846,Z,T,Z,Z,Z
US,2003,VC10014,KJ698244,Z,Z,Z,Z,Z
US,2003,574194,KR868847,T,S,Z,N,Z
US,2003,933384,KT124807,K,Z,Z,S,Z
US,2003,981600,KT124813,Z,Z,K,Z,Z
US,2003,P1189,KT283923,T,Z,Z,T,Z
US ICUW,2003,25,KX129277,Z,Z,Z,Z,Z
US ICUW,2003,449,KX129316,Z,Z,Z,Z,Z
US ICUW,2003,480,KX129372,Z,T,Z,Z,Z
US ICUW,2003,534,KX129395,Z,Z,D,Z,Z
US ICUW,2003,IC_936,KX129510,Z,Z,K,Z,Z
US,2004,CAAN5342,AY835452,T,Z,H,Z,Z
US,2004,ES3,DQ410062,Z,Z,D,Z,Z
US,2004,ES9,DQ410188,E,Z,Z,Z,Z
US,2004,ES10,DQ410217,T,Z,Z,T,Z
US,2004,9,DQ410227,Z,N,W,Z,Z
US,2004,22,DQ410246,K,Z,Z,Z,Z
US,2004,23,DQ410284,Z,Z,Z,Z,Z
US,2004,148,DQ410479,Z,Z,Z,Z,Z
US,2004,61,DQ410511,Z,Z,Z,N,Z
US,2004,C62,DQ410528,Z,Z,S,Z,Z
US,2004,154,DQ410619,Z,Z,T,Z,Z
US,2004,UNC3405,EF593188,N,Z,Z,N,Z
US,2004,UNC5417,EF593190,Z,T,Z,Z,S
US,2004,UNC5539,EF593192,Z,Z,Z,Z,Z
US,2004,UNC5769,EF593193,T,Z,Z,Z,Z
US,2004,UNC7092,EF593203,Z,T,Z,Z,Z
US,2004,JOTO5278,EF593225,Z,T,Z,Z,Z
US,2004,LAHA4867,EF593226,Z,Z,A,Z,Z
US,2004,SAMI4303,EF593238,Z,D,Z,Z,Z
US,2004,UNC2009,EF593269,Z,Z,Z,Z,Z
US,2004,UNC4295,EF593270,Z,I,Z,Z,Z
US,2004,UNC4484,EF593271,Z,Z,Z,Z,Z
US,2004,UNC4911,EF593272,Z,N,Z,Z,Z
US,2004,UNC5283,EF593273,Z,Z,Z,Z,Z
US,2004,UNC5548,EF593274,Z,Z,N,Z,Z
US,2004,UNC5734,EF593275,Z,Z,Z,Z,Z
US,2004,UNC5799,EF593276,Z,Z,Z,D,Z
US,2004,UNC6064,EF593277,Z,Z,N,Z,Z
US,2004,-,FJ469684,Z,Z,Z,Z,Z
US,2004,-,FJ469695,Z,Z,Z,Z,Z
US,2004,-,FJ469697,Z,Z,Z,Z,Z
US,2004,-,FJ469698,Z,Z,Z,Z,Z
US,2004,-,FJ469722,T,Z,T,Z,Z
US,2004,-,FJ469732,N,Z,Z,Z,Z
US,2004,-,FJ469733,Z,Z,Z,Z,Z
US,2004,-,FJ469745,Z,Z,Z,S,Z
US,2004,-,FJ469772,I,Z,T,Z,Z
US,2004,4013327,GU330598,Z,Z,Z,Z,Z
CA,2004,1034,GU562153,Z,Z,Z,Z,Z
US,2004,6568,HM771423,S,Z,D,N,Z
US,2004,UW1249,HQ216397,Z,Z,Z,Z,K
US,2004,UW1330,HQ216471,Z,Z,Z,Z,Z
US,2004,UW1352,HQ216501,Z,Z,Z,Z,Z
US,2004,JACH1853,HQ217315,Z,Z,E,Z,S
US,2004,PIC83747,JN024100,Z,Z,Z,Z,Z
US,2004,PIC71101,JN024203,Z,Z,Z,Z,Z
US,2004,7036,JN562775,Z,Z,Z,Z,Z
US,2004,4051,JN562797,Z,Z,N,Z,Z
US,2004,HIA,JQ250925,Z,Z,Z,S,Z
US,2004,LIA,JQ251105,Z,T,Z,N,Z
US,2004,-,JQ403104,D,Z,Z,Z,Z
US,2004,-,JQ403107,N,T,Z,Z,Z
US,2004,306081,JX863968,T,Z,T,Z,Z
US,2004,306129,JX863969,D,Z,Z,Z,Z
US,2004,306131,JX863970,Z,N,E,H,Z
US,2004,ES11,KC935957,Z,Z,N,Z,Z
US,2004,NCN1,KM259061,Z,Z,K,Z,Z
US,2004,268977,KT124758,Z,Z,Z,Z,Z
US ICUW,2004,IC_1013,KX129176,Z,Z,Z,N,Z
US ICUW,2004,629,KX129409,S,Z,K,Z,Z
US ICUW,2004,1295,KX129591,Z,Z,E,Z,Z
US ICUW,2004,UW_1375,KX129628,Z,Z,Z,Z,Z
US ICUW,2004,UW_1386-L,KX129630,Z,Z,Z,D,Z
US,2005,ES7,DQ410109,Z,Z,Z,Z,Z
US,2005,ES8,DQ410131,Z,Z,S,Z,Z
US,2005,26,DQ410373,Z,Z,Z,Z,Z
US,2005,C94,DQ410560,N,N,Z,D,Z
US,2005,C98,DQ410588,Z,N,D,Z,Z
US,2005,C109,DQ410607,Z,Z,Z,Z,Z
US,2005,L8249,DQ886037,Z,Z,Z,Z,Y
US,2005,UNC5057,EF593189,Z,Z,E,Z,Z
US,2005,UNC5479,EF593191,Z,Z,Z,Z,Z
US,2005,UNC5791,EF593194,T,Z,Z,Z,Z
US,2005,WICU4248,EF593279,Z,Z,Z,Z,Z
DO,2005,162387,EU839596,Z,Z,Z,Z,Z
DO,2005,160884,EU839597,Z,Z,Z,Z,Z
DO,2005,163007,EU839598,Z,Z,Z,Z,Z
HT,2005,129517,EU839600,E,Z,H,Z,A
HT,2005,129389,EU839602,Z,Z,E,Z,Z
HT,2005,129805,EU839604,D,Z,Z,Z,Z
JM,2005,KJ108,EU839605,E,Z,T,Z,Z
US,2005,-,FJ469682,Z,Z,S,Z,Z
US,2005,-,FJ469683,Z,I,Z,Z,Z
US,2005,-,FJ469703,Z,Z,N,Z,Z
US,2005,-,FJ469706,E,Z,Z,Z,Z
US,2005,-,FJ469717,T,Z,Z,Z,Z
US,2005,CR0312W,FJ469718,Z,Z,Z,Z,Z
US,2005,-,FJ469724,N,Z,Z,Z,Z
US,2005,-,FJ469747,Z,Z,Z,Z,Z
US,2005,4013396,FJ496081,Z,Z,Z,Z,Z
US,2005,N6,FJ653098,T,Z,Z,Z,Z
US,2005,N5,FJ653122,Z,V,Z,Z,Z
US,2005,N7,FJ653146,H,Z,Z,Z,Z
US,2005,N8,FJ653194,Z,Z,Z,Z,Z
US,2005,N1,FJ653218,Z,Z,Z,Z,Z
US,2005,P5,FJ653332,Z,Z,Z,Z,Z
US,2005,P3,FJ653380,Z,Z,Z,Z,Z
US,2005,P8,FJ653404,Z,Z,Z,Z,Z
US,2005,P2,FJ653452,Z,Z,Z,Z,Z
US,2005,P4,FJ653476,H,Z,T,Z,Z
CA,2005,P6,FJ653500,Z,Z,Z,Z,Z
US,2005,P7,FJ653524,H,Z,Z,N,Z
US,2005,P9,FJ653548,Z,Z,Z,Z,Z
US,2005,P10,FJ653572,Z,Z,Z,Z,Z
US,2005,P11,FJ653596,Z,Z,Z,Z,Z
US,2005,4013383,GU330622,E,Z,T,Z,Z
US,2005,UW1423,HQ216557,Q,Z,Z,Z,Z
US,2005,UW1444,HQ216577,H,Z,Z,N,Z
US,2005,UW1446,HQ216601,Z,Z,Z,Z,Z
US,2005,UW1451,HQ216632,Z,Z,Z,Z,Z
US,2005,UW1508,HQ216702,Z,Z,Z,S,Z
US,2005,UW1586,HQ216730,Z,Z,Z,N,Z
US,2005,UW1599,HQ216785,Z,Z,Z,N,Z
US,2005,UW1624,HQ216810,Z,Z,N,Z,Z
US,2005,UW1631,HQ216841,Z,Z,E,Z,Z
US,2005,UW1632,HQ216861,Z,E,Z,Z,Z
US,2005,RHMI4089,HQ217474,Z,Z,Z,Z,K
US,2005,ROST4216,HQ217541,Z,Z,Z,S,Z
US,2005,Z62,HQ217818,Z,Z,T,T,Z
US,2005,Z64,HQ217840,Z,Z,Z,Z,Z
US,2005,Z71,HQ217860,Q,Z,Z,Z,Z
US,2005,Z74,HQ217874,Z,T,R,K,Z
US,2005,502-1400,JF320043,Z,Z,Z,Z,Z
US,2005,502-2495,JF320054,E,Z,T,Z,D
US,2005,502-0223,JF320059,Z,T,Z,N,Z
US,2005,502-2136,JF320185,T,Z,G,Z,Z
US,2005,502-1926,JF320361,Z,Z,Z,Z,Z
US,2005,502-2008,JF320482,Z,Z,G,Z,Z
US,2005,NVS12,JF689852,Z,Z,Z,Z,Z
US,2005,NVS3,JF689856,Z,Z,K,Z,Z
US,2005,NVS5,JF689857,Z,Z,E,Z,Z
US,2005,NVS8,JF689859,Z,Z,D,Z,Z
US,2005,NVS9,JF689860,Z,Z,Z,Z,T
US,2005,PIC38051,JN024450,Z,Z,Z,Z,Z
US,2005,PIC51550,JN024459,Z,Z,Z,Z,Z
US,2005,MDR-1,KF990605,Z,Z,Z,S,Z
US,2005,ANI6,KM258969,N,D,Z,Z,Z
US,2005,509452,KT124778,Z,Z,Z,Z,Z
US ICUW,2005,IC_1115,KX129206,Z,Z,Z,Z,Z
US ICUW,2005,1211,KX129220,Z,T,Z,Z,Z
US ICUW,2005,IC_446,KX129313,Z,E,Z,Z,Z
US ICUW,2005,IC_669,KX129454,Z,K,Z,D,Z
US ICUW,2005,857,KX129502,Z,I,Z,Z,Z
US ICUW,2005,UW_1406-N,KX129659,Z,Z,K,Z,Z
US,2006,701010016,EF593216,Z,Z,Z,Z,Z
US,2006,MCRO3633,EF593227,Y,Z,Z,Z,Z
US,2006,YOMI4024,EF593281,Z,Z,Z,Z,Q
US,2006,2857,FJ152546,T,I,Z,Z,Z
US,2006,2866,FJ152547,K,Z,Z,Z,Z
US,2006,-,FJ469691,D,Z,Z,Z,Z
US,2006,-,FJ469696,Z,Z,D,Z,Z
US,2006,-,FJ469708,Z,Z,Z,Z,Z
US,2006,-,FJ469709,I,Z,T,Z,Z
US,2006,-,FJ469710,Z,Z,Z,Z,Z
US,2006,-,FJ469714,Z,Z,Z,Z,Z
US,2006,-,FJ469723,Z,T,Z,N,Z
US,2006,4013440,GU330809,T,Z,Z,Z,Z
US,2006,700010106,GU330916,Z,T,Z,Z,Z
US,2006,701010027,GU331039,Z,Z,Z,Z,Z
US,2006,701010068,GU331094,Z,E,S,Z,Z
CA,2006,HTM385,GU562249,Z,Z,E,Z,Z
US,2006,700010032,HM204582,Z,Z,Z,K,Z
US,2006,700010111,HM204589,Z,Z,Z,Z,Z
US,2006,UW1711,HQ216893,N,Z,I,Z,Z
US,2006,UW1791,HQ216915,Z,Z,Z,Z,Z
US,2006,UW1794,HQ216949,Z,Z,Z,Z,D
US,2006,701010043,HQ217019,Z,N,Z,Z,Z
US,2006,Z86,HQ217947,Z,Z,Z,Z,Z
US,2006,Z91,HQ217967,Z,T,D,Z,Z
US,2006,Z92,HQ217984,T,Z,Z,Z,Z
US,2006,Z93,HQ218001,T,E,H,Z,Z
US,2006,Z94,HQ218020,Z,Z,Z,N,Z
US,2006,Z95,HQ218034,Z,Z,Z,Z,Z
US,2006,502-0961,JF320011,Z,Z,Z,Z,Z
US,2006,502-0227,JF320036,D,Z,Z,Z,Z
US,2006,502-0572,JF320038,Z,Z,D,Z,Z
US,2006,502-1174,JF320044,Z,Z,K,Z,Z
US,2006,502-0346,JF320083,Z,I,Z,Z,Z
US,2006,502-1619,JF320120,Z,Z,Z,Z,Z
US,2006,502-0923,JF320160,Z,Z,Z,Z,Z
US,2006,502-1919,JF320184,Z,Z,H,D,Z
US,2006,502-0762,JF320329,T,Z,Z,Z,D
US,2006,502-0176,JF320363,Z,Z,Z,D,Z
CA,2006,502-1027,JF320411,H,Z,K,N,Z
CA,2006,502-1799,JF320427,Z,T,Z,Z,Z
US,2006,502-0897,JF320497,T,Z,Z,N,Z
US,2006,502-0717,JF320520,Z,Z,Z,Z,Z
US,2006,502-1046,JF320564,Z,Z,E,Z,Z
US,2006,502-2437,JF320592,Z,Z,Z,Z,Z
US,2006,502-0062,JF320613,Z,Z,Z,Z,Z
US,2006,502-0053,JF320615,Z,Z,N,Z,Z
US,2006,C164.SC,JF689862,Z,Z,Z,Z,Z
US,2006,C165.TJ,JF689863,Z,Z,Z,Z,Z
US,2006,C167.LH,JF689865,Z,Z,Z,Z,Z
US,2006,C168.LS,JF689866,Z,Z,Z,N,Z
US,2006,C169.JS,JF689867,Z,Z,Z,Z,Z
US,2006,NVS23,JF689871,Z,Z,Z,Z,Z
US,2006,NVS27,JF689872,Z,N,Z,Z,Z
US,2006,NVS31,JF689873,Z,Z,Z,Z,Z
US,2006,NVS39,JF689876,T,T,D,Z,Z
US,2006,4059,JN562779,Z,Z,Z,Z,Z
US,2006,BP00054,JN687749,Z,Z,Z,Z,I
US,2006,BP00055,JN687750,T,K,Z,Z,Z
US,2006,BP00057,JN687758,T,T,R,D,Z
US CAT,2006,CH058_C,JN944940,Z,Z,Z,Z,Z
US CAT,2006,CH077_C,JN944941,K,Z,Z,Z,Z
US,2006,POS2,JQ250872,Z,Z,K,Z,K
US,2006,-,JQ403068,Z,Z,Z,Z,Z
US,2006,-,JQ403095,Z,Z,E,Z,Z
US,2006,-,JQ403097,D,Z,T,Z,Z
US,2006,306227,JX863987,Z,Z,Z,Z,Z
US,2006,306238,JX863988,Z,Z,T,Z,Z
US,2006,306261,JX863989,Z,Z,Z,N,Z
US,2006,306318,JX863992,N,Z,Z,N,Z
US,2006,306335,JX863993,Z,T,K,Z,Z
US,2006,MDR-5,KF990608,Z,Z,Z,Z,Z
US,2006,NCN2,KM259048,Z,Z,M,Z,E
US,2006,ANI4,KM259197,Z,Z,Z,Z,Z
US,2006,9001,KM353586,Z,Z,E,Z,Z
US,2006,9002,KM353665,T,T,H,Z,Z
US,2006,9003,KM353701,E,Z,T,S,D
US,2006,700010135,KR423015,N,Z,K,Z,Z
US,2006,700010081,KR423028,N,Z,K,Z,Z
US,2006,700010025,KR423725,Z,Z,Z,Z,Z
US,2006,689801,KT124791,N,Z,E,Z,Z
US ICUW,2006,1125,KX129212,T,Z,Z,Z,Z
US ICUW,2006,1170,KX129215,Z,Z,Z,Z,Z
US ICUW,2006,1240,KX129228,K,Z,Z,Z,Z
US ICUW,2006,1260,KX129231,Z,Z,R,Z,Z
US ICUW,2006,IC_493,KX129374,Z,Z,Z,Z,Z
US ICUW,2006,606,KX129401,Z,Z,Z,Z,Z
US ICUW,2006,IC_663,KX129437,Z,T,Z,Z,Z
US ICUW,2006,IC_907,KX129504,Z,Z,Z,Z,Z
US ICUW,2006,UW_1140-B,KX129542,Z,Z,E,Z,Z
US ICUW,2006,UW_1266-N,KX129582,Z,Z,Z,Z,Z
US ICUW,2006,UW_1313-P,KX129600,Z,Z,Z,Z,Z
US ICUW,2006,1555,KX129679,T,Z,Z,Z,Z
US,2006,A5340A05,KX587162,Z,Z,M,Z,Z
US,2007,-,FJ469689,Z,Z,S,Z,Z
US,2007,-,FJ469707,Z,Z,Z,Z,Z
US,2007,-,FJ469713,N,Z,Z,Z,Z
US,2007,-,FJ469716,Z,Z,Z,N,Z
US,2007,CR0339X,FJ469721,Z,Z,K,Z,Z
US,2007,subject,GQ256645,Z,Z,Z,Z,Z
US,2007,4013448,GU330862,T,Z,Z,Z,Z
US,2007,700010333,HM638460,T,Z,Z,Z,Z
US,2007,700010224,HQ216971,Z,Z,Z,Z,Z
US,2007,701010092,HQ217043,T,I,D,Z,Z
US,2007,BEKA5842,HQ217099,T,Z,E,S,Z
US,2007,HALA6323,HQ217283,Z,Z,Z,N,Z
US,2007,JOSA5789,HQ217340,D,Z,Z,Z,Z
US,2007,MCST4474,HQ217393,T,Z,Z,Z,Z
US,2007,MEJA5586,HQ217418,Z,Z,E,Z,Z
US,2007,SADO6038,HQ217574,Z,Z,Z,Z,Z
US,2007,SPFE4120,HQ217708,Z,Z,Z,Z,Z
US,2007,WARO5662,HQ217784,T,Z,Z,Z,Z
US,2007,CH390,HQ908109,Z,Z,Z,Z,Z
US,2007,700010252,HQ908150,Z,Z,K,Z,Z
US,2007,701010145,HQ908184,Z,N,Z,T,Z
US,2007,502-1115,JF320045,Z,Z,Z,Z,Z
US,2007,502-0879,JF320072,T,Z,E,Z,Z
US,2007,502-1518,JF320099,Z,Z,Z,Z,Z
US,2007,502-2586,JF320131,T,Z,D,Z,D
US,2007,502-1368,JF320173,Z,Z,Z,Z,Z
US,2007,502-1897,JF320179,Z,Z,Z,Z,D
US,2007,502-2289,JF320197,N,Z,R,Z,Z
US,2007,502-2000,JF320276,Z,Z,Z,Z,Z
US,2007,502-0287,JF320375,Z,Z,Z,Z,Z
US,2007,502-1500,JF320387,Z,I,Z,Z,Z
US,2007,502-1504,JF320394,K,Z,Z,Z,Z
US,2007,502-0823,JF320530,Z,Z,Z,Z,Z
US,2007,502-0364,JF320559,Z,Z,Z,Z,Z
US,2007,502-2305,JF320570,Z,Z,Z,Z,Z
US,2007,502-0938,JF320630,Z,T,Z,Z,Z
US,2007,C154,JF689877,T,Z,Z,Z,Z
US,2007,C161.H1,JF689883,Z,Z,Z,Z,Z
US,2007,C166.MS,JF689886,Z,T,K,Z,Z
US,2007,NVS42,JF689889,Z,T,Z,Z,Z
US,2007,NVS48,JF689890,Z,T,Z,Z,Z
US,2007,NVS55,JF689893,N,Z,Z,Z,Z
US,2007,BP00058,JN687759,Z,Z,N,Z,Z
US,2007,BP00063,JN687761,K,Z,Z,Z,Z
US,2007,BP00064,JN687762,Z,Z,D,Z,Z
US,2007,BP00067,JN687763,Z,N,Z,Z,Z
US,2007,POS1,JQ250832,Z,T,Z,Z,Z
US,2007,-,JQ403056,Z,E,K,D,Z
US,2007,-,JQ403058,T,Z,Z,Z,Z
US,2007,-,JQ403059,Z,Z,Z,Z,Z
US,2007,CP024,JQ403060,T,I,Z,N,Z
US,2007,-,JQ403064,Z,Z,K,N,Z
US,2007,-,JQ403066,Z,E,Z,Z,Z
US,2007,-,JQ403071,Z,Z,K,N,T
US,2007,-,JQ403073,Z,Z,Z,D,S
US,2007,-,JQ403075,Z,Z,Z,Z,Z
US,2007,-,JQ403077,Z,Z,Z,Z,Z
US,2007,-,JQ403078,Z,Z,Z,Z,Z
US,2007,-,JQ403092,Z,Z,Z,Z,K
US,2007,-,JQ403093,Z,Z,Z,Z,K
US,2007,-,JQ403096,Z,Z,Z,Z,K
US,2007,N26,JQ610053,Z,T,D,Z,Z
US,2007,306376,JX863922,Z,Z,Z,Z,Z
US,2007,306336,JX863994,Z,Z,Z,Z,Z
US,2007,306340,JX863995,Z,Z,Z,Z,Z
US,2007,ANI2,KM258899,Z,Z,A,K,Z
US,2007,ANI5,KM258919,N,Z,Z,Z,Z
US,2007,NCN6,KM259030,T,Z,Z,Z,Z
US,2007,MND1,KM259080,N,Z,Z,Z,Z
US,2007,ANI3,KM259085,Z,Z,Z,Z,Z
US,2007,MND2,KM259229,T,Z,Z,Z,Z
US,2007,9006,KM353733,Z,Z,Z,Z,Z
US,2007,9015,KM353807,T,Z,Z,Z,Z
US,2007,9019,KM354092,K,S,K,Z,Z
US,2007,9020,KM354114,Z,Z,K,Z,Z
US,2007,700010174,KR423118,Z,Z,Z,Z,Z
US,2007,701010114,KR423500,Z,Z,Z,R,Z
US,2007,701010186,KR423527,Z,Z,Z,Z,Z
US,2007,701010108,KR423796,Z,T,Z,Z,Z
US,2007,891439,KT124801,Z,Z,Z,Z,Z
US ICUW,2007,1329,KX129232,Z,T,Z,Z,Z
US ICUW,2007,1331,KX129238,Z,Z,Z,Z,Z
US ICUW,2007,IC_1336,KX129240,Z,T,K,Z,Z
US ICUW,2007,1378,KX129241,T,E,T,Z,Z
US ICUW,2007,1386,KX129244,Z,Z,Z,Z,Z
US ICUW,2007,472,KX129335,K,Z,Z,T,Z
US ICUW,2007,520,KX129389,Z,Z,Z,Z,Z
US ICUW,2007,1456,KX129675,Z,Z,Z,Z,Z
DO,2008,X2348,FJ817365,Z,Z,E,Z,Z
US,2008,701010211,HM204596,Z,Z,Z,Z,Z
US,2008,700010501,HM638516,Z,Z,Z,Z,Z
US,2008,701010380,HM638583,Z,Z,T,Z,Z
US,2008,700010470,HQ908219,Z,Z,Z,N,Z
US,2008,-,JF421421,Z,T,E,Z,Z
JM,2008,N242,JF680925,Z,E,Z,Z,Z
US,2008,C203,JF689895,Z,I,Z,Z,Z
US,2008,C204,JF689896,Z,Z,Z,Z,Z
US,2008,BP00069,JN687773,Z,T,Z,Z,Z
US,2008,-,JQ403061,Z,Z,Z,Z,Z
US,2008,patient3,JQ403062,Z,Z,K,K,Z
US,2008,-,JQ403067,Z,Z,Z,Z,Z
US,2008,-,JQ403069,D,Z,Z,N,Z
US,2008,-,JQ403070,Z,Z,Z,Z,Z
US,2008,-,JQ403074,Z,Z,H,Z,Z
US,2008,-,JQ403080,Z,Z,Z,Z,Z
US,2008,-,JQ403082,N,Z,Z,Z,E
US,2008,-,JQ403083,Z,Z,Z,Z,S
US,2008,-,JQ403084,Z,Z,Z,Z,Z
US,2008,-,JQ403085,T,Z,Z,K,Z
US,2008,-,JQ403086,Z,Z,Z,N,Z
US,2008,-,JQ403087,Z,T,Z,Z,Z
US,2008,-,JQ403088,Z,Z,Z,N,Z
US,2008,-,JQ403089,Z,Z,Z,Z,Z
US,2008,-,JQ403091,Z,Z,Z,Z,Z
US,2008,-,JQ403094,Z,Z,Z,Z,Z
US,2008,N90,JQ610120,Z,Z,Z,Z,Z
US,2008,306445,JX864024,Z,Z,D,Z,Z
US,2008,306453,JX864026,Z,Z,Z,Z,Z
US,2008,9016,KM353846,Z,Z,T,Z,Z
US,2008,9021,KM354155,Z,Z,Z,Z,Z
US,2008,9024,KM354232,Z,T,Z,Z,Z
US,2008,9027,KM354355,Z,T,K,Z,Z
US,2008,700010464,KR423212,Z,Z,Z,Z,Z
US,2008,700010654,KR423319,Z,Z,Z,N,Z
US,2008,700010734,KR423373,T,Z,Y,Z,Z
US,2008,700010742,KR423391,Z,Z,Z,Z,Z
US,2008,700010791,KR423410,Z,Z,Z,Z,Z
US,2008,701010302,KR423553,Z,Z,Z,Z,Z
US,2008,701010378,KR423590,Z,Z,Z,Z,Z
US,2008,701010449,KR423602,Z,Z,S,Z,Z
US,2008,702865,KR868894,Z,Z,Z,Z,Z
US,2008,293050,KT124761,Z,Z,K,Z,Q
US,2008,481216,KT124774,Z,Z,Z,Z,Z
US,2009,patient,GU733713,Z,Z,Z,Z,Z
JM,2009,PF09XN,HM030559,D,Z,Z,Z,Z
JM,2009,PF09YT,HM030560,Z,Z,Z,Z,S
JM,2009,PF0B97,HM030562,Y,Z,T,Z,Z
JM,2009,PF09WX,HM030564,T,Z,Z,Z,Z
JM,2009,PF0B9L,HM030565,Z,Z,Z,N,Z
US,2009,700011145,HM638548,Z,Z,Z,Z,Z
US,2009,-,JF680915,N,I,D,Z,Z
US,2009,-,JF680916,Z,Z,Z,N,Z
US,2009,-,JF680917,N,Z,Z,D,Z
US,2009,095X14970,JX140657,N,Z,Z,Z,Z
US,2009,306512,JX863923,K,Z,T,Z,Z
US,2009,ES38,KC935958,T,Z,T,Z,Z
US,2009,LTNP1,KC935959,T,Z,Z,S,Z
US,2009,1064,KM081846,Z,Z,Z,H,Z
US,2009,1670,KM081860,Z,Z,Z,Z,Z
US,2009,1677,KM081934,Z,Z,Z,Z,K
US,2009,1906,KM082124,Z,T,Z,Z,Z
US,2009,9036,KM354431,Z,Z,Z,Z,Z
US,2009,9044,KM354585,N,Z,T,Z,Z
US,2009,9045,KM354670,Z,Z,Z,N,Z
US,2009,700010867,KR423423,Z,Z,G,Z,Z
US,2009,700010920,KR423464,Z,Z,G,Q,Z
US,2009,701010504,KR423619,Z,Z,N,Z,S
US,2009,701010541,KR423648,Z,Z,Z,Z,Z
US ICUW,2009,1002,KX129534,Z,Z,Z,D,Z
US ICUW,2009,UW_1842-P,KX129696,Z,Z,Z,Z,Z
US,2009,A5340A06,KX587201,Z,Z,Z,Z,Z
US,2009,A5340A12,KX587376,T,Z,Z,Z,Z
US,2010,patient,HQ846900,Z,Z,G,Z,Z
US,2010,CP1,JN397365,N,Z,Z,Z,Z
US,2010,169,JN599164,H,Z,T,Z,Z
US,2010,57,JQ182824,Z,Z,Z,Z,Z
US,2010,85,JQ182896,Z,T,Z,Z,I
US,2010,DE10US001,KC473825,Z,Z,Z,N,Z
US,2010,DE10US003,KC473826,T,Z,Z,S,Z
US,2010,DE10US007,KC473828,Z,S,Z,Z,Z
US,2010,DE10US009,KC473829,T,Z,Z,Z,Z
US,2010,DE10US011,KC473830,Z,Z,Z,S,Z
US,2010,1435,KM081850,T,Z,Z,Z,Z
US,2010,1825,KM082062,T,Z,Z,Z,Z
US,2010,9018,KM353922,Z,Z,Z,Z,Z
US,2010,9048,KM354703,Z,Z,Z,N,Z
US,2010,9055,KM354740,K,Z,N,S,Z
US,2010,9062,KM354821,N,Z,T,Z,Z
US,2010,9063,KM354862,Z,Z,Z,N,Z
US,2010,Pt1,KU677989,Z,Z,Z,Z,Z
US,2010,Pt4,KU678069,D,Z,S,Z,Z
US ICUW,2010,UW_1261-D,KX129572,Z,Z,Z,K,Z
US ICUW,2010,1641,KX129686,Z,Z,N,Z,Z
US,2010,-,KX228803,Z,Z,Z,Z,Z
US,2010,A5340A02,KX587035,Z,Z,I,Z,Z
US,2010,A5340A04,KX587114,Z,I,Z,Z,S
US,2010,A5340A07,KX587239,Z,Z,Z,Z,D
US,2010,A5340A09,KX587296,Z,Z,Z,Z,Z
US,2011,CP2,JN397363,N,Z,Z,Z,Z
US,2011,DE11US002,KC473831,Z,Z,Z,N,Z
US,2011,DE11US004,KC473832,Z,Z,Z,Z,K
US,2011,DE11US006,KC473833,I,Z,T,Z,Z
US,2011,DE11US011,KC473834,Z,Z,Z,N,Z
US,2011,DE11US015,KC473835,Z,Z,Z,Z,Z
US,2011,CP10,KF384798,Z,Z,Z,N,Z
US,2011,CP3,KF384801,Z,T,Z,K,Z
US,2011,CP4,KF384802,Z,Z,Z,Z,Z
US,2011,CP5,KF384803,Z,Z,Z,Z,Z
US,2011,CP6,KF384804,Z,Z,Z,Z,K
US,2011,CP7,KF384805,Z,Z,Z,Z,Z
US,2011,CP8,KF384806,Z,Z,Z,Z,Z
US,2011,CP9,KF384807,Z,Z,Z,Z,Z
US,2011,ES22,KF384808,Z,Z,Z,Z,Z
US,2011,ES39,KF384810,Z,Z,Z,Z,Z
US,2011,ES40,KF384811,I,T,S,Z,Z
US,2011,VC3,KF384812,Z,Z,Z,Z,Z
US,2011,VC5,KF384813,Z,Z,Z,Z,Z
US,2011,VC6,KF384814,T,Z,T,Z,Z
US,2011,19,KF526228,T,Z,Z,Z,Z
US,2011,20,KF526261,Z,Z,Z,Z,Z
US,2011,22,KF526298,Z,Z,Z,Z,Z
US,2011,23,KF526318,I,Z,T,Z,Z
US,2011,1853,KM082076,S,Z,Z,Z,Z
US,2011,9040,KM354470,Z,Z,Z,Z,Z
US,2011,9071,KM354904,Z,Z,R,Z,Z
US,2011,9076,KM354962,Z,Z,Y,Z,Z
US,2011,9082,KM355003,N,Z,Z,Z,Z
US,2011,9083,KM355044,Z,Z,Z,Z,Z
US,2011,N152,KM516886,Z,Z,Z,D,Z
US,2011,361974,KT124766,Z,Z,Z,Z,Z
US,2011,479693,KT124773,T,Z,Z,Z,Z
US,2011,481811,KT124775,Z,Z,R,Z,Z
US,2011,950965,KT124809,T,Z,Z,Z,Z
US,2011,A8110,KU901727,Z,Z,Z,Z,Z
US,2011,F6817,KU901757,Z,Z,Z,Z,Z
US,2011,T4590,KU901831,Z,Z,N,Z,Z
US ICUW,2011,IC_656,KX129423,Z,Z,Z,Z,Z
US ICUW,2011,DAH,KX129517,Z,T,Z,Z,Z
US ICUW,2011,JBS,KX129520,Z,Z,Z,N,Z
US ICUW,2011,JCP,KX129521,Z,Z,T,D,Z
DO,2011,144207327,KY658702,T,Z,E,Z,Z
US,2012,9096,KM355085,Z,Z,Z,Z,Z
US,2012,mother,KM986883,Z,Z,Z,Z,T
US,2012,231603,KT124756,T,Z,Z,Z,Z
US,2012,607523,KT124784,Z,Z,Z,Z,Z
US,2012,608647,KT124785,D,T,H,Z,Z
US,2012,678584,KT124790,Z,T,K,N,Z
US,2012,J7180,KU901788,Z,N,Z,Z,Z
US,2012,K8072,KU901807,N,Z,D,Z,Z
US,2012,T8107,KU901856,Z,Z,E,Z,D
US,2012,N8261,KU901875,Z,Z,Z,D,Z
US ICUW,2012,JJM,KX129526,Z,Z,Z,Z,Z
US ICUW,2012,REH,KX129529,Z,Z,N,Z,Z
US,2012,A5340A03,KX587074,Z,Z,Y,Z,Z
US CAT,2012,Z258_2012_SGA5,KX595122,T,T,Z,Z,Z
US,2013,-,KR182177,Z,Z,T,Z,Z
US,2013,-,KR182192,Z,Z,Z,Z,Z
US,2013,-,KR182218,Z,Z,D,Z,Z
US,2013,-,KR182276,T,Z,Z,Z,Z
US,2013,-,KR182321,Z,Z,Z,Z,Z
US,2013,-,KR182342,Z,Z,N,Z,Z
US,2013,-,KR182343,Z,T,Z,Z,Z
US,2013,-,KR182371,Z,Z,Z,Z,Z
US,2013,-,KR182437,N,N,Z,Z,Z
US,2013,-,KR182473,Z,Z,K,Z,Z
US,2013,862898,KT124796,Z,T,E,Z,Z
US,2013,PatientG,KT284371,Z,Z,Z,Z,Z
US,2013,W204013023379,KU749387,Z,Z,Z,D,Z
US ICUW,2013,UW_1368-F,KX129626,E,Z,Z,Z,Z
US ICUW,2013,UW_1393-F,KX129654,Z,Z,Z,N,Z
US,2013,CP02,KX505583,Z,Z,Z,Z,Z
US,2013,CP03,KX505602,Z,Z,Z,Z,Z
US,2013,CP05,KX505643,Z,Z,Z,Z,Z
US,2013,CP06,KX505649,Z,Z,Z,Z,Z
US,2013,CP07,KX505664,Z,Z,S,Z,Z
US,2013,CP09,KX505707,Z,Z,Z,N,Z
US,2013,DONOR7,KY057587,Z,Z,Z,N,Z
US,2013,DONOR6,KY748513,Z,Z,D,Z,Z
CU,2014,-,KR914676,Z,Z,Z,Z,Z
US,2014,21,KT986553,Z,Z,S,Z,Z
US,2014,Pt2,KU678025,Z,Z,K,Z,Z
US,2014,Pt3,KU678049,Z,Z,Z,Z,Z
US,2014,Pt7,KU678125,Z,Z,Z,Z,Z
US,2014,2C4,KX027965,Z,Z,T,K,Z
US,2014,2C5,KX028066,Z,Z,Z,Z,Z
US,2014,20,KX028188,Z,Z,Z,Z,Z
US,2014,200,KX028313,N,Z,Z,Z,Z
US,2014,200000,KX028620,Z,Z,Z,Z,Z
US,2014,2286,KX505395,N,Z,N,Z,Z
US,2014,2443,KX505412,Z,T,N,Z,Z
US,2014,2454,KX505435,Z,Z,Z,Z,Z
US,2014,2531,KX505504,R,Z,Z,Z,Z
US,2014,W205314086062P,KY658693,T,Z,K,Z,S
US,2015,26,KT986933,Z,Z,Z,Z,T
US,2015,2521,KX505441,Z,Z,Z,Z,S
US,2015,3693,KX505552,N,N,Z,Z,Z
US,2015,A5340A08,KX587277,Z,Z,Z,Z,Z
US,2015,A5340A10,KX587339,Z,Z,E,Z,Z
US,2015,DONOR1,KY057382,N,Z,Z,Z,Z
US,2015,DONOR3,KY057496,T,N,Z,N,Z
US,2015,DONOR4,KY057570,Z,Z,Z,Z,Z
US,2015,B199,KY113379,Z,Z,Z,Z,K
US,2015,B155,KY113566,Z,S,N,Z,Z
US,2015,B115,KY113735,T,Z,Z,Z,Z
US,2015,B106,KY113882,Z,Z,Z,Z,Z
US,2015,1HB1,KY323724,Z,Z,K,Z,Z
US,2015,1HB2,KY323813,D,Z,Z,Z,Z
US,2015,1HB3,KY323883,Z,Z,N,Z,Z
US,2015,1HC1,KY323997,Z,Z,Z,Z,D
US,2015,1HC2,KY324081,Z,Z,Z,Z,Z
US,2015,1HC3,KY324166,Z,Z,Z,T,Z
US,2015,DONOR2,KY612718,Z,Z,Z,Z,D
